Workbook

Sheet 考勤记录
A1: 考勤异常报表
A2: 人员姓名 | B2: 所属群组 | C2: 日 期 | D2: 星期 | E2: 班次名称 | F2: 上班刷卡 | G2: 打卡状态 | H2: 下班刷卡 | I2: 打卡状态 | J2: 备注
A3: 何威迪 | B3: 副总经理兼海外气表产品规划管理部及多元智能产品规划管理部产品总监 | C3: 45689 | D3: 星期六 | E3: 休息
A4: 何威迪 | B4: 副总经理兼海外气表产品规划管理部及多元智能产品规划管理部产品总监 | C4: 45690 | D4: 星期日 | E4: 休息
A5: 何威迪 | B5: 副总经理兼海外气表产品规划管理部及多元智能产品规划管理部产品总监 | C5: 45691 | D5: 星期一 | E5: 休息
A6: 何威迪 | B6: 副总经理兼海外气表产品规划管理部及多元智能产品规划管理部产品总监 | C6: 45692 | D6: 星期二 | E6: 休息
A7: 何威迪 | B7: 副总经理兼海外气表产品规划管理部及多元智能产品规划管理部产品总监 | C7: 45693 | D7: 星期三 | E7: 工作日 | F7: 08:32 | G7: 正常 | H7: 19:03 | I7: 正常
A8: 何威迪 | B8: 副总经理兼海外气表产品规划管理部及多元智能产品规划管理部产品总监 | C8: 45694 | D8: 星期四 | E8: 工作日 | F8: 08:32 | G8: 正常 | H8: 20:17 | I8: 正常
A9: 何威迪 | B9: 副总经理兼海外气表产品规划管理部及多元智能产品规划管理部产品总监 | C9: 45695 | D9: 星期五 | E9: 工作日 | F9: 08:32 | G9: 正常 | H9: 18:22 | I9: 正常
A10: 何威迪 | B10: 副总经理兼海外气表产品规划管理部及多元智能产品规划管理部产品总监 | C10: 45696 | D10: 星期六 | E10: 工作日 | F10: 08:25 | G10: 正常 | H10: 18:45 | I10: 正常
A11: 何威迪 | B11: 副总经理兼海外气表产品规划管理部及多元智能产品规划管理部产品总监 | C11: 45697 | D11: 星期日 | E11: 休息
A12: 何威迪 | B12: 副总经理兼海外气表产品规划管理部及多元智能产品规划管理部产品总监 | C12: 45698 | D12: 星期一 | E12: 工作日 | F12: 08:26 | G12: 正常 | H12: 20:11 | I12: 正常
A13: 何威迪 | B13: 副总经理兼海外气表产品规划管理部及多元智能产品规划管理部产品总监 | C13: 45699 | D13: 星期二 | E13: 工作日 | F13: 08:26 | G13: 正常 | H13: 18:36 | I13: 正常
A14: 何威迪 | B14: 副总经理兼海外气表产品规划管理部及多元智能产品规划管理部产品总监 | C14: 45700 | D14: 星期三 | E14: 工作日 | F14: 08:28 | G14: 正常 | H14: 18:23 | I14: 正常
A15: 何威迪 | B15: 副总经理兼海外气表产品规划管理部及多元智能产品规划管理部产品总监 | C15: 45701 | D15: 星期四 | E15: 工作日 | F15: 08:28 | G15: 正常 | H15: 20:05 | I15: 正常
A16: 何威迪 | B16: 副总经理兼海外气表产品规划管理部及多元智能产品规划管理部产品总监 | C16: 45702 | D16: 星期五 | E16: 工作日 | F16: 08:30 | G16: 正常 | H16: 18:35 | I16: 正常
A17: 何威迪 | B17: 副总经理兼海外气表产品规划管理部及多元智能产品规划管理部产品总监 | C17: 45703 | D17: 星期六 | E17: 休息 | F17: 08:45 | G17: 正常 | H17: 16:26 | I17: 正常
A18: 何威迪 | B18: 副总经理兼海外气表产品规划管理部及多元智能产品规划管理部产品总监 | C18: 45704 | D18: 星期日 | E18: 休息
A19: 何威迪 | B19: 副总经理兼海外气表产品规划管理部及多元智能产品规划管理部产品总监 | C19: 45705 | D19: 星期一 | E19: 工作日 | F19: 08:19 | G19: 正常 | H19: 20:10 | I19: 正常
A20: 何威迪 | B20: 副总经理兼海外气表产品规划管理部及多元智能产品规划管理部产品总监 | C20: 45706 | D20: 星期二 | E20: 工作日 | F20: 08:30 | G20: 正常 | H20: 18:13 | I20: 正常
A21: 何威迪 | B21: 副总经理兼海外气表产品规划管理部及多元智能产品规划管理部产品总监 | C21: 45707 | D21: 星期三 | E21: 工作日 | F21: 08:33 | G21: 正常 | H21: 19:02 | I21: 正常
A22: 何威迪 | B22: 副总经理兼海外气表产品规划管理部及多元智能产品规划管理部产品总监 | C22: 45708 | D22: 星期四 | E22: 工作日 | F22: 08:28 | G22: 正常 | H22: 20:01 | I22: 正常
A23: 何威迪 | B23: 副总经理兼海外气表产品规划管理部及多元智能产品规划管理部产品总监 | C23: 45709 | D23: 星期五 | E23: 工作日 | F23: 08:31 | G23: 正常 | H23: 19:02 | I23: 正常
A24: 何威迪 | B24: 副总经理兼海外气表产品规划管理部及多元智能产品规划管理部产品总监 | C24: 45710 | D24: 星期六 | E24: 休息 | F24: 08:51 | G24: 正常 | H24: 11:27 | I24: 正常
A25: 何威迪 | B25: 副总经理兼海外气表产品规划管理部及多元智能产品规划管理部产品总监 | C25: 45711 | D25: 星期日 | E25: 休息
A26: 何威迪 | B26: 副总经理兼海外气表产品规划管理部及多元智能产品规划管理部产品总监 | C26: 45712 | D26: 星期一 | E26: 工作日 | F26: 08:09 | G26: 正常 | H26: 20:00 | I26: 正常
A27: 何威迪 | B27: 副总经理兼海外气表产品规划管理部及多元智能产品规划管理部产品总监 | C27: 45713 | D27: 星期二 | E27: 工作日 | F27: 08:29 | G27: 正常 | H27: 18:25 | I27: 正常
A28: 何威迪 | B28: 副总经理兼海外气表产品规划管理部及多元智能产品规划管理部产品总监 | C28: 45714 | D28: 星期三 | E28: 工作日 | F28: 08:26 | G28: 正常 | H28: 17:35 | I28: 正常
A29: 何威迪 | B29: 副总经理兼海外气表产品规划管理部及多元智能产品规划管理部产品总监 | C29: 45715 | D29: 星期四 | E29: 工作日 | F29: 08:28 | G29: 正常 | H29: 20:13 | I29: 正常
A30: 何威迪 | B30: 副总经理兼海外气表产品规划管理部及多元智能产品规划管理部产品总监 | C30: 45716 | D30: 星期五 | E30: 工作日 | F30: 08:30 | G30: 正常 | H30: 18:27 | I30: 正常
A31: 李季 | B31: 副总经理兼国内水表产品规划管理部产品总监 | C31: 45689 | D31: 星期六 | E31: 休息
A32: 李季 | B32: 副总经理兼国内水表产品规划管理部产品总监 | C32: 45690 | D32: 星期日 | E32: 休息
A33: 李季 | B33: 副总经理兼国内水表产品规划管理部产品总监 | C33: 45691 | D33: 星期一 | E33: 休息
A34: 李季 | B34: 副总经理兼国内水表产品规划管理部产品总监 | C34: 45692 | D34: 星期二 | E34: 休息
A35: 李季 | B35: 副总经理兼国内水表产品规划管理部产品总监 | C35: 45693 | D35: 星期三 | E35: 工作日 | F35: 07:43 | G35: 正常 | H35: 18:41 | I35: 正常
A36: 李季 | B36: 副总经理兼国内水表产品规划管理部产品总监 | C36: 45694 | D36: 星期四 | E36: 工作日 | F36: 07:37 | G36: 正常 | H36: 20:05 | I36: 正常
A37: 李季 | B37: 副总经理兼国内水表产品规划管理部产品总监 | C37: 45695 | D37: 星期五 | E37: 工作日 | F37: 08:31 | G37: 正常 | H37: 18:49 | I37: 正常
A38: 李季 | B38: 副总经理兼国内水表产品规划管理部产品总监 | C38: 45696 | D38: 星期六 | E38: 工作日 | F38: 07:48 | G38: 正常 | H38: 18:13 | I38: 正常
A39: 李季 | B39: 副总经理兼国内水表产品规划管理部产品总监 | C39: 45697 | D39: 星期日 | E39: 休息
A40: 李季 | B40: 副总经理兼国内水表产品规划管理部产品总监 | C40: 45698 | D40: 星期一 | E40: 工作日 | F40: 07:57 | G40: 正常 | H40: 20:11 | I40: 正常
A41: 李季 | B41: 副总经理兼国内水表产品规划管理部产品总监 | C41: 45699 | D41: 星期二 | E41: 工作日 | F41: 07:38 | G41: 正常 | H41: 18:39 | I41: 正常
A42: 李季 | B42: 副总经理兼国内水表产品规划管理部产品总监 | C42: 45700 | D42: 星期三 | E42: 工作日 | F42: 07:48 | G42: 正常 | H42: 18:37 | I42: 正常
A43: 李季 | B43: 副总经理兼国内水表产品规划管理部产品总监 | C43: 45701 | D43: 星期四 | E43: 工作日 | F43: 07:39 | G43: 正常 | I43: 缺卡 | J43: 忘打卡
A44: 李季 | B44: 副总经理兼国内水表产品规划管理部产品总监 | C44: 45702 | D44: 星期五 | E44: 工作日 | F44: 07:40 | G44: 正常 | H44: 18:09 | I44: 正常
A45: 李季 | B45: 副总经理兼国内水表产品规划管理部产品总监 | C45: 45703 | D45: 星期六 | E45: 休息
A46: 李季 | B46: 副总经理兼国内水表产品规划管理部产品总监 | C46: 45704 | D46: 星期日 | E46: 休息
A47: 李季 | B47: 副总经理兼国内水表产品规划管理部产品总监 | C47: 45705 | D47: 星期一 | E47: 工作日 | F47: 07:42 | G47: 正常 | H47: 20:04 | I47: 正常
A48: 李季 | B48: 副总经理兼国内水表产品规划管理部产品总监 | C48: 45706 | D48: 星期二 | E48: 工作日 | F48: 07:49 | G48: 正常 | H48: 19:07 | I48: 正常
A49: 李季 | B49: 副总经理兼国内水表产品规划管理部产品总监 | C49: 45707 | D49: 星期三 | E49: 工作日 | F49: 07:41 | G49: 正常 | H49: 18:39 | I49: 正常
A50: 李季 | B50: 副总经理兼国内水表产品规划管理部产品总监 | C50: 45708 | D50: 星期四 | E50: 工作日 | F50: 07:56 | G50: 正常 | H50: 20:03 | I50: 正常
A51: 李季 | B51: 副总经理兼国内水表产品规划管理部产品总监 | C51: 45709 | D51: 星期五 | E51: 工作日 | F51: 07:48 | G51: 正常 | H51: 18:30 | I51: 正常
A52: 李季 | B52: 副总经理兼国内水表产品规划管理部产品总监 | C52: 45710 | D52: 星期六 | E52: 休息
A53: 李季 | B53: 副总经理兼国内水表产品规划管理部产品总监 | C53: 45711 | D53: 星期日 | E53: 休息
A54: 李季 | B54: 副总经理兼国内水表产品规划管理部产品总监 | C54: 45712 | D54: 星期一 | E54: 工作日 | F54: 07:48 | G54: 正常 | H54: 20:17 | I54: 正常
A55: 李季 | B55: 副总经理兼国内水表产品规划管理部产品总监 | C55: 45713 | D55: 星期二 | E55: 工作日 | F55: 07:39 | G55: 正常 | H55: 18:02 | I55: 正常
A56: 李季 | B56: 副总经理兼国内水表产品规划管理部产品总监 | C56: 45714 | D56: 星期三 | E56: 工作日 | F56: 07:30 | G56: 正常 | H56: 19:22 | I56: 正常
A57: 李季 | B57: 副总经理兼国内水表产品规划管理部产品总监 | C57: 45715 | D57: 星期四 | E57: 工作日 | F57: 07:44 | G57: 正常 | I57: 缺卡 | J57: 忘打卡
A58: 李季 | B58: 副总经理兼国内水表产品规划管理部产品总监 | C58: 45716 | D58: 星期五 | E58: 工作日 | F58: 07:55 | G58: 正常 | H58: 19:03 | I58: 正常
A59: 李文华 | B59: 副总经理兼（国内）膜式气表产品规划管理部及（国内）超声气表产品规划管理部产品总监 | C59: 45689 | D59: 星期六 | E59: 休息
A60: 李文华 | B60: 副总经理兼（国内）膜式气表产品规划管理部及（国内）超声气表产品规划管理部产品总监 | C60: 45690 | D60: 星期日 | E60: 休息
A61: 李文华 | B61: 副总经理兼（国内）膜式气表产品规划管理部及（国内）超声气表产品规划管理部产品总监 | C61: 45691 | D61: 星期一 | E61: 休息
A62: 李文华 | B62: 副总经理兼（国内）膜式气表产品规划管理部及（国内）超声气表产品规划管理部产品总监 | C62: 45692 | D62: 星期二 | E62: 休息
A63: 李文华 | B63: 副总经理兼（国内）膜式气表产品规划管理部及（国内）超声气表产品规划管理部产品总监 | C63: 45693 | D63: 星期三 | E63: 工作日 | F63: 08:25 | G63: 正常 | H63: 18:45 | I63: 正常
A64: 李文华 | B64: 副总经理兼（国内）膜式气表产品规划管理部及（国内）超声气表产品规划管理部产品总监 | C64: 45694 | D64: 星期四 | E64: 工作日 | F64: 08:25 | G64: 正常 | H64: 20:35 | I64: 正常
A65: 李文华 | B65: 副总经理兼（国内）膜式气表产品规划管理部及（国内）超声气表产品规划管理部产品总监 | C65: 45695 | D65: 星期五 | E65: 工作日 | F65: 08:29 | G65: 正常 | H65: 18:43 | I65: 正常
A66: 李文华 | B66: 副总经理兼（国内）膜式气表产品规划管理部及（国内）超声气表产品规划管理部产品总监 | C66: 45696 | D66: 星期六 | E66: 工作日 | F66: 08:30 | G66: 正常 | H66: 19:00 | I66: 正常
A67: 李文华 | B67: 副总经理兼（国内）膜式气表产品规划管理部及（国内）超声气表产品规划管理部产品总监 | C67: 45697 | D67: 星期日 | E67: 休息
A68: 李文华 | B68: 副总经理兼（国内）膜式气表产品规划管理部及（国内）超声气表产品规划管理部产品总监 | C68: 45698 | D68: 星期一 | E68: 工作日 | F68: 08:35 | G68: 正常 | H68: 20:23 | I68: 正常
A69: 李文华 | B69: 副总经理兼（国内）膜式气表产品规划管理部及（国内）超声气表产品规划管理部产品总监 | C69: 45699 | D69: 星期二 | E69: 工作日 | F69: 08:33 | G69: 正常 | H69: 18:39 | I69: 正常
A70: 李文华 | B70: 副总经理兼（国内）膜式气表产品规划管理部及（国内）超声气表产品规划管理部产品总监 | C70: 45700 | D70: 星期三 | E70: 工作日 | F70: 08:33 | G70: 正常 | H70: 18:03 | I70: 正常
A71: 李文华 | B71: 副总经理兼（国内）膜式气表产品规划管理部及（国内）超声气表产品规划管理部产品总监 | C71: 45701 | D71: 星期四 | E71: 工作日 | G71: 缺卡 | I71: 缺卡 | J71: 出差
A72: 李文华 | B72: 副总经理兼（国内）膜式气表产品规划管理部及（国内）超声气表产品规划管理部产品总监 | C72: 45702 | D72: 星期五 | E72: 工作日 | G72: 缺卡 | I72: 缺卡 | J72: 出差
A73: 李文华 | B73: 副总经理兼（国内）膜式气表产品规划管理部及（国内）超声气表产品规划管理部产品总监 | C73: 45703 | D73: 星期六 | E73: 休息
A74: 李文华 | B74: 副总经理兼（国内）膜式气表产品规划管理部及（国内）超声气表产品规划管理部产品总监 | C74: 45704 | D74: 星期日 | E74: 休息
A75: 李文华 | B75: 副总经理兼（国内）膜式气表产品规划管理部及（国内）超声气表产品规划管理部产品总监 | C75: 45705 | D75: 星期一 | E75: 工作日 | F75: 08:14 | G75: 正常 | H75: 20:18 | I75: 正常
A76: 李文华 | B76: 副总经理兼（国内）膜式气表产品规划管理部及（国内）超声气表产品规划管理部产品总监 | C76: 45706 | D76: 星期二 | E76: 工作日 | F76: 08:35 | G76: 正常 | H76: 19:20 | I76: 正常
A77: 李文华 | B77: 副总经理兼（国内）膜式气表产品规划管理部及（国内）超声气表产品规划管理部产品总监 | C77: 45707 | D77: 星期三 | E77: 工作日 | F77: 08:33 | G77: 正常 | H77: 19:46 | I77: 正常
A78: 李文华 | B78: 副总经理兼（国内）膜式气表产品规划管理部及（国内）超声气表产品规划管理部产品总监 | C78: 45708 | D78: 星期四 | E78: 工作日 | F78: 08:12 | G78: 正常 | H78: 21:01 | I78: 正常
A79: 李文华 | B79: 副总经理兼（国内）膜式气表产品规划管理部及（国内）超声气表产品规划管理部产品总监 | C79: 45709 | D79: 星期五 | E79: 工作日 | G79: 缺卡 | I79: 缺卡 | J79: 出差
A80: 李文华 | B80: 副总经理兼（国内）膜式气表产品规划管理部及（国内）超声气表产品规划管理部产品总监 | C80: 45710 | D80: 星期六 | E80: 休息 | F80: 09:02 | G80: 正常 | H80: 11:38 | I80: 正常
A81: 李文华 | B81: 副总经理兼（国内）膜式气表产品规划管理部及（国内）超声气表产品规划管理部产品总监 | C81: 45711 | D81: 星期日 | E81: 休息
A82: 李文华 | B82: 副总经理兼（国内）膜式气表产品规划管理部及（国内）超声气表产品规划管理部产品总监 | C82: 45712 | D82: 星期一 | E82: 工作日 | F82: 08:44 | G82: 迟到 | H82: 20:11 | I82: 正常 | J82: 忘打卡
A83: 李文华 | B83: 副总经理兼（国内）膜式气表产品规划管理部及（国内）超声气表产品规划管理部产品总监 | C83: 45713 | D83: 星期二 | E83: 工作日 | G83: 缺卡 | I83: 缺卡 | J83: 出差
A84: 李文华 | B84: 副总经理兼（国内）膜式气表产品规划管理部及（国内）超声气表产品规划管理部产品总监 | C84: 45714 | D84: 星期三 | E84: 工作日 | G84: 缺卡 | I84: 缺卡 | J84: 出差
A85: 李文华 | B85: 副总经理兼（国内）膜式气表产品规划管理部及（国内）超声气表产品规划管理部产品总监 | C85: 45715 | D85: 星期四 | E85: 工作日 | G85: 缺卡 | I85: 缺卡 | J85: 出差
A86: 李文华 | B86: 副总经理兼（国内）膜式气表产品规划管理部及（国内）超声气表产品规划管理部产品总监 | C86: 45716 | D86: 星期五 | E86: 工作日 | G86: 缺卡 | I86: 缺卡 | J86: 出差
A87: 刘晓峰 | B87: 总经理助理兼海外水表产品规划管理部产品总监 | C87: 45689 | D87: 星期六 | E87: 休息
A88: 刘晓峰 | B88: 总经理助理兼海外水表产品规划管理部产品总监 | C88: 45690 | D88: 星期日 | E88: 休息
A89: 刘晓峰 | B89: 总经理助理兼海外水表产品规划管理部产品总监 | C89: 45691 | D89: 星期一 | E89: 休息
A90: 刘晓峰 | B90: 总经理助理兼海外水表产品规划管理部产品总监 | C90: 45692 | D90: 星期二 | E90: 休息
A91: 刘晓峰 | B91: 总经理助理兼海外水表产品规划管理部产品总监 | C91: 45693 | D91: 星期三 | E91: 工作日 | F91: 08:14 | G91: 正常 | H91: 19:11 | I91: 正常
A92: 刘晓峰 | B92: 总经理助理兼海外水表产品规划管理部产品总监 | C92: 45694 | D92: 星期四 | E92: 工作日 | F92: 08:08 | G92: 正常 | H92: 20:11 | I92: 正常
A93: 刘晓峰 | B93: 总经理助理兼海外水表产品规划管理部产品总监 | C93: 45695 | D93: 星期五 | E93: 工作日 | F93: 08:16 | G93: 正常 | H93: 20:00 | I93: 正常
A94: 刘晓峰 | B94: 总经理助理兼海外水表产品规划管理部产品总监 | C94: 45696 | D94: 星期六 | E94: 工作日 | F94: 08:09 | G94: 正常 | H94: 19:24 | I94: 正常
A95: 刘晓峰 | B95: 总经理助理兼海外水表产品规划管理部产品总监 | C95: 45697 | D95: 星期日 | E95: 休息
A96: 刘晓峰 | B96: 总经理助理兼海外水表产品规划管理部产品总监 | C96: 45698 | D96: 星期一 | E96: 工作日 | F96: 08:13 | G96: 正常 | H96: 21:04 | I96: 正常
A97: 刘晓峰 | B97: 总经理助理兼海外水表产品规划管理部产品总监 | C97: 45699 | D97: 星期二 | E97: 工作日 | F97: 08:14 | G97: 正常 | H97: 18:09 | I97: 正常
A98: 刘晓峰 | B98: 总经理助理兼海外水表产品规划管理部产品总监 | C98: 45700 | D98: 星期三 | E98: 工作日 | F98: 08:12 | G98: 正常 | H98: 19:29 | I98: 正常
A99: 刘晓峰 | B99: 总经理助理兼海外水表产品规划管理部产品总监 | C99: 45701 | D99: 星期四 | E99: 工作日 | F99: 08:19 | G99: 正常 | H99: 次日 02:17 | I99: 正常
A100: 刘晓峰 | B100: 总经理助理兼海外水表产品规划管理部产品总监 | C100: 45702 | D100: 星期五 | E100: 工作日 | G100: 缺卡 | H100: 19:09 | I100: 正常 | J100: 忘打卡
...

Sheet 餐补次数
A1: 姓名 | B1: 出差次数 （扣除） | C1: 姓名 | D1: 出差次数 | F1: 姓名 | G1: 调休次数 (扣除) | H1: 姓名 | I1: 调休次数 | K1: 姓名 | L1: 迟到次数 | M1: 姓名 | N1: 迟到次数 | P1: 姓名 | Q1: 餐补次数 （增加） | R1: 姓名 | S1: 餐补次数
A2: 李文华 | B2: 1 | C2: {=INDEX(A:A,MIN(IF(COUNTIF(C$1:C1,$A$2:$A$569),2^16,ROW($2:$569))))&""} -> 李文华 | D2: =SUMPRODUCT(($A$2:$A$569=C2)*($B$2:$B$569)) -> 7 | F2: 王扩军 | G2: 0.5 | H2: {=INDEX(F:F,MIN(IF(COUNTIF(H$1:H1,$F$2:$F$569),2^16,ROW($2:$569))))&""} -> 王扩军 | I2: =SUMPRODUCT(($F$2:$F$569=H2)*($G$2:$G$569)) -> 0.5 | M2: {=INDEX(K:K,MIN(IF(COUNTIF(M$1:M1,$K$2:$K$100),2^16,ROW($2:$100))))&""} | N2: =SUMPRODUCT(($K$2:$K$100=M2)*($L$2:$L$100)) -> 0 | P2: 何威迪 | Q2: 1 | R2: {=INDEX(P:P,MIN(IF(COUNTIF(R$1:R1,$P$2:$P$1500),2^16,ROW($2:$1500))))&""} -> 何威迪 | S2: {=SUMPRODUCT(($P$2:$P$1500=R2)*($Q$2:$Q$1500))} -> 8
A3: 李文华 | B3: 1 | C3: {=INDEX(A:A,MIN(IF(COUNTIF(C$1:C2,$A$2:$A$569),2^16,ROW($2:$569))))&""} -> 刘晓峰 | D3: =SUMPRODUCT(($A$2:$A$569=C3)*($B$2:$B$569)) -> 5 | F3: 连成鹏 | G3: 0.5 | H3: {=INDEX(F:F,MIN(IF(COUNTIF(H$1:H2,$F$2:$F$569),2^16,ROW($2:$569))))&""} -> 连成鹏 | I3: =SUMPRODUCT(($F$2:$F$569=H3)*($G$2:$G$569)) -> 1 | M3: {=INDEX(K:K,MIN(IF(COUNTIF(M$1:M2,$K$2:$K$100),2^16,ROW($2:$100))))&""} | N3: =SUMPRODUCT(($K$2:$K$100=M3)*($L$2:$L$100)) -> 0 | P3: 何威迪 | Q3: 1 | R3: {=INDEX(P:P,MIN(IF(COUNTIF(R$1:R2,$P$2:$P$1500),2^16,ROW($2:$1500))))&""} -> 李季 | S3: {=SUMPRODUCT(($P$2:$P$1500=R3)*($Q$2:$Q$1500))} -> 5
A4: 李文华 | B4: 1 | C4: {=INDEX(A:A,MIN(IF(COUNTIF(C$1:C3,$A$2:$A$569),2^16,ROW($2:$569))))&""} -> 戴梦莹 | D4: =SUMPRODUCT(($A$2:$A$569=C4)*($B$2:$B$569)) -> 1 | F4: 连成鹏 | G4: 0.5 | H4: {=INDEX(F:F,MIN(IF(COUNTIF(H$1:H3,$F$2:$F$569),2^16,ROW($2:$569))))&""} -> 张景雲 | I4: =SUMPRODUCT(($F$2:$F$569=H4)*($G$2:$G$569)) -> 1 | M4: {=INDEX(K:K,MIN(IF(COUNTIF(M$1:M3,$K$2:$K$100),2^16,ROW($2:$100))))&""} | N4: =SUMPRODUCT(($K$2:$K$100=M4)*($L$2:$L$100)) -> 0 | P4: 何威迪 | Q4: 1 | R4: {=INDEX(P:P,MIN(IF(COUNTIF(R$1:R3,$P$2:$P$1500),2^16,ROW($2:$1500))))&""} -> 李文华 | S4: {=SUMPRODUCT(($P$2:$P$1500=R4)*($Q$2:$Q$1500))} -> 5
A5: 李文华 | B5: 1 | C5: {=INDEX(A:A,MIN(IF(COUNTIF(C$1:C4,$A$2:$A$569),2^16,ROW($2:$569))))&""} -> 连成鹏 | D5: =SUMPRODUCT(($A$2:$A$569=C5)*($B$2:$B$569)) -> 4 | F5: 张景雲 | G5: 1 | H5: {=INDEX(F:F,MIN(IF(COUNTIF(H$1:H4,$F$2:$F$569),2^16,ROW($2:$569))))&""} -> 曹超 | I5: =SUMPRODUCT(($F$2:$F$569=H5)*($G$2:$G$569)) -> 1 | M5: {=INDEX(K:K,MIN(IF(COUNTIF(M$1:M4,$K$2:$K$100),2^16,ROW($2:$100))))&""} | N5: =SUMPRODUCT(($K$2:$K$100=M5)*($L$2:$L$100)) -> 0 | P5: 何威迪 | Q5: 1 | R5: {=INDEX(P:P,MIN(IF(COUNTIF(R$1:R4,$P$2:$P$1500),2^16,ROW($2:$1500))))&""} -> 刘晓峰 | S5: {=SUMPRODUCT(($P$2:$P$1500=R5)*($Q$2:$Q$1500))} -> 6
A6: 李文华 | B6: 1 | C6: {=INDEX(A:A,MIN(IF(COUNTIF(C$1:C5,$A$2:$A$569),2^16,ROW($2:$569))))&""} -> 廖勇江 | D6: =SUMPRODUCT(($A$2:$A$569=C6)*($B$2:$B$569)) -> 2 | F6: 曹超 | G6: 1 | H6: {=INDEX(F:F,MIN(IF(COUNTIF(H$1:H5,$F$2:$F$569),2^16,ROW($2:$569))))&""} -> 黄杨蕊 | I6: =SUMPRODUCT(($F$2:$F$569=H6)*($G$2:$G$569)) -> 2 | M6: {=INDEX(K:K,MIN(IF(COUNTIF(M$1:M5,$K$2:$K$100),2^16,ROW($2:$100))))&""} | N6: =SUMPRODUCT(($K$2:$K$100=M6)*($L$2:$L$100)) -> 0 | P6: 何威迪 | Q6: 1 | R6: {=INDEX(P:P,MIN(IF(COUNTIF(R$1:R5,$P$2:$P$1500),2^16,ROW($2:$1500))))&""} -> 王扩军 | S6: {=SUMPRODUCT(($P$2:$P$1500=R6)*($Q$2:$Q$1500))} -> 7.5
A7: 李文华 | B7: 1 | C7: {=INDEX(A:A,MIN(IF(COUNTIF(C$1:C6,$A$2:$A$569),2^16,ROW($2:$569))))&""} -> 刘青 | D7: =SUMPRODUCT(($A$2:$A$569=C7)*($B$2:$B$569)) -> 1 | F7: 黄杨蕊 | G7: 1 | H7: {=INDEX(F:F,MIN(IF(COUNTIF(H$1:H6,$F$2:$F$569),2^16,ROW($2:$569))))&""} -> 李芳 | I7: =SUMPRODUCT(($F$2:$F$569=H7)*($G$2:$G$569)) -> 0.5 | M7: {=INDEX(K:K,MIN(IF(COUNTIF(M$1:M6,$K$2:$K$100),2^16,ROW($2:$100))))&""} | N7: =SUMPRODUCT(($K$2:$K$100=M7)*($L$2:$L$100)) -> 0 | P7: 何威迪 | Q7: 1 | R7: {=INDEX(P:P,MIN(IF(COUNTIF(R$1:R6,$P$2:$P$1500),2^16,ROW($2:$1500))))&""} -> 戴梦莹 | S7: {=SUMPRODUCT(($P$2:$P$1500=R7)*($Q$2:$Q$1500))} -> 6
A8: 李文华 | B8: 1 | C8: {=INDEX(A:A,MIN(IF(COUNTIF(C$1:C7,$A$2:$A$569),2^16,ROW($2:$569))))&""} -> 杨善平 | D8: =SUMPRODUCT(($A$2:$A$569=C8)*($B$2:$B$569)) -> 2 | F8: 黄杨蕊 | G8: 1 | H8: {=INDEX(F:F,MIN(IF(COUNTIF(H$1:H7,$F$2:$F$569),2^16,ROW($2:$569))))&""} -> 李旭 | I8: =SUMPRODUCT(($F$2:$F$569=H8)*($G$2:$G$569)) -> 1 | M8: {=INDEX(K:K,MIN(IF(COUNTIF(M$1:M7,$K$2:$K$100),2^16,ROW($2:$100))))&""} | N8: =SUMPRODUCT(($K$2:$K$100=M8)*($L$2:$L$100)) -> 0 | P8: 何威迪 | Q8: 1 | R8: {=INDEX(P:P,MIN(IF(COUNTIF(R$1:R7,$P$2:$P$1500),2^16,ROW($2:$1500))))&""} -> 楼晓丽 | S8: {=SUMPRODUCT(($P$2:$P$1500=R8)*($Q$2:$Q$1500))} -> 2
A9: 刘晓峰 | B9: 1 | C9: {=INDEX(A:A,MIN(IF(COUNTIF(C$1:C8,$A$2:$A$569),2^16,ROW($2:$569))))&""} -> 冯瀚 | D9: =SUMPRODUCT(($A$2:$A$569=C9)*($B$2:$B$569)) -> 1 | F9: 李芳 | G9: 0.5 | H9: {=INDEX(F:F,MIN(IF(COUNTIF(H$1:H8,$F$2:$F$569),2^16,ROW($2:$569))))&""} -> 秦文近 | I9: =SUMPRODUCT(($F$2:$F$569=H9)*($G$2:$G$569)) -> 5 | M9: {=INDEX(K:K,MIN(IF(COUNTIF(M$1:M8,$K$2:$K$100),2^16,ROW($2:$100))))&""} | N9: =SUMPRODUCT(($K$2:$K$100=M9)*($L$2:$L$100)) -> 0 | P9: 何威迪 | Q9: 1 | R9: {=INDEX(P:P,MIN(IF(COUNTIF(R$1:R8,$P$2:$P$1500),2^16,ROW($2:$1500))))&""} -> 郭海桃 | S9: {=SUMPRODUCT(($P$2:$P$1500=R9)*($Q$2:$Q$1500))} -> 7
A10: 刘晓峰 | B10: 1 | C10: {=INDEX(A:A,MIN(IF(COUNTIF(C$1:C9,$A$2:$A$569),2^16,ROW($2:$569))))&""} -> 金永利 | D10: =SUMPRODUCT(($A$2:$A$569=C10)*($B$2:$B$569)) -> 1 | F10: 李旭 | G10: 1 | H10: {=INDEX(F:F,MIN(IF(COUNTIF(H$1:H9,$F$2:$F$569),2^16,ROW($2:$569))))&""} -> 吴鑫卓 | I10: =SUMPRODUCT(($F$2:$F$569=H10)*($G$2:$G$569)) -> 3 | M10: {=INDEX(K:K,MIN(IF(COUNTIF(M$1:M9,$K$2:$K$100),2^16,ROW($2:$100))))&""} | N10: =SUMPRODUCT(($K$2:$K$100=M10)*($L$2:$L$100)) -> 0 | P10: 李季 | Q10: 1 | R10: {=INDEX(P:P,MIN(IF(COUNTIF(R$1:R9,$P$2:$P$1500),2^16,ROW($2:$1500))))&""} -> 林贤顺 | S10: {=SUMPRODUCT(($P$2:$P$1500=R10)*($Q$2:$Q$1500))} -> 6
A11: 刘晓峰 | B11: 1 | C11: {=INDEX(A:A,MIN(IF(COUNTIF(C$1:C10,$A$2:$A$569),2^16,ROW($2:$569))))&""} -> 杨卉卉 | D11: =SUMPRODUCT(($A$2:$A$569=C11)*($B$2:$B$569)) -> 1 | F11: 秦文近 | G11: 1 | H11: {=INDEX(F:F,MIN(IF(COUNTIF(H$1:H10,$F$2:$F$569),2^16,ROW($2:$569))))&""} -> 杨坤 | I11: =SUMPRODUCT(($F$2:$F$569=H11)*($G$2:$G$569)) -> 0.5 | M11: {=INDEX(K:K,MIN(IF(COUNTIF(M$1:M10,$K$2:$K$100),2^16,ROW($2:$100))))&""} | N11: =SUMPRODUCT(($K$2:$K$100=M11)*($L$2:$L$100)) -> 0 | P11: 李季 | Q11: 1 | R11: {=INDEX(P:P,MIN(IF(COUNTIF(R$1:R10,$P$2:$P$1500),2^16,ROW($2:$1500))))&""} -> 李雪霁 | S11: {=SUMPRODUCT(($P$2:$P$1500=R11)*($Q$2:$Q$1500))} -> 1
A12: 刘晓峰 | B12: 1 | C12: {=INDEX(A:A,MIN(IF(COUNTIF(C$1:C11,$A$2:$A$569),2^16,ROW($2:$569))))&""} -> 丁哲伟 | D12: =SUMPRODUCT(($A$2:$A$569=C12)*($B$2:$B$569)) -> 2 | F12: 秦文近 | G12: 1 | H12: {=INDEX(F:F,MIN(IF(COUNTIF(H$1:H11,$F$2:$F$569),2^16,ROW($2:$569))))&""} -> 杨雨晨 | I12: =SUMPRODUCT(($F$2:$F$569=H12)*($G$2:$G$569)) -> 1 | M12: {=INDEX(K:K,MIN(IF(COUNTIF(M$1:M11,$K$2:$K$100),2^16,ROW($2:$100))))&""} | N12: =SUMPRODUCT(($K$2:$K$100=M12)*($L$2:$L$100)) -> 0 | P12: 李季 | Q12: 1 | R12: {=INDEX(P:P,MIN(IF(COUNTIF(R$1:R11,$P$2:$P$1500),2^16,ROW($2:$1500))))&""} -> 宋佳慧 | S12: {=SUMPRODUCT(($P$2:$P$1500=R12)*($Q$2:$Q$1500))} -> 6
A13: 刘晓峰 | B13: 1 | C13: {=INDEX(A:A,MIN(IF(COUNTIF(C$1:C12,$A$2:$A$569),2^16,ROW($2:$569))))&""} -> 朱万胜 | D13: =SUMPRODUCT(($A$2:$A$569=C13)*($B$2:$B$569)) -> 5 | F13: 秦文近 | G13: 1 | H13: {=INDEX(F:F,MIN(IF(COUNTIF(H$1:H12,$F$2:$F$569),2^16,ROW($2:$569))))&""} -> 周逸轩 | I13: =SUMPRODUCT(($F$2:$F$569=H13)*($G$2:$G$569)) -> 0.5 | M13: {=INDEX(K:K,MIN(IF(COUNTIF(M$1:M12,$K$2:$K$100),2^16,ROW($2:$100))))&""} | N13: =SUMPRODUCT(($K$2:$K$100=M13)*($L$2:$L$100)) -> 0 | P13: 李季 | Q13: 1 | R13: {=INDEX(P:P,MIN(IF(COUNTIF(R$1:R12,$P$2:$P$1500),2^16,ROW($2:$1500))))&""} -> 连成鹏 | S13: {=SUMPRODUCT(($P$2:$P$1500=R13)*($Q$2:$Q$1500))} -> 5
... A17: 连成鹏 | B17: 1 | C17: {=INDEX(A:A,MIN(IF(COUNTIF(C$1:C16,$A$2:$A$569),2^16,ROW($2:$569))))&""} -> 王兵 | D17: =SUMPRODUCT(($A$2:$A$569=C17)*($B$2:$B$569)) -> 1 | F17: 吴鑫卓 | G17: 0.5 | H17: {=INDEX(F:F,MIN(IF(COUNTIF(H$1:H16,$F$2:$F$569),2^16,ROW($2:$569))))&""} -> 张燕 | I17: =SUMPRODUCT(($F$2:$F$569=H17)*($G$2:$G$569)) -> 2 | M17: {=INDEX(K:K,MIN(IF(COUNTIF(M$1:M16,$K$2:$K$100),2^16,ROW($2:$100))))&""} | N17: =SUMPRODUCT(($K$2:$K$100=M17)*($L$2:$L$100)) -> 0 | P17: 李文华 | Q17: 1 | R17: {=INDEX(P:P,MIN(IF(COUNTIF(R$1:R16,$P$2:$P$1500),2^16,ROW($2:$1500))))&""} -> 曹超 | S17: {=SUMPRODUCT(($P$2:$P$1500=R17)*($Q$2:$Q$1500))} -> 8
A18: 连成鹏 | B18: 1 | C18: {=INDEX(A:A,MIN(IF(COUNTIF(C$1:C17,$A$2:$A$569),2^16,ROW($2:$569))))&""} | F18: 吴鑫卓 | G18: 0.5 | H18: {=INDEX(F:F,MIN(IF(COUNTIF(H$1:H17,$F$2:$F$569),2^16,ROW($2:$569))))&""} -> 干然草 | I18: =SUMPRODUCT(($F$2:$F$569=H18)*($G$2:$G$569)) -> 1 | M18: {=INDEX(K:K,MIN(IF(COUNTIF(M$1:M17,$K$2:$K$100),2^16,ROW($2:$100))))&""} | N18: =SUMPRODUCT(($K$2:$K$100=M18)*($L$2:$L$100)) -> 0 | P18: 李文华 | Q18: 1 | R18: {=INDEX(P:P,MIN(IF(COUNTIF(R$1:R17,$P$2:$P$1500),2^16,ROW($2:$1500))))&""} -> 陈远发 | S18: {=SUMPRODUCT(($P$2:$P$1500=R18)*($Q$2:$Q$1500))} -> 8
A19: 廖勇江 | B19: 1 | C19: {=INDEX(A:A,MIN(IF(COUNTIF(C$1:C18,$A$2:$A$569),2^16,ROW($2:$569))))&""} | F19: 吴鑫卓 | G19: 0.5 | H19: {=INDEX(F:F,MIN(IF(COUNTIF(H$1:H18,$F$2:$F$569),2^16,ROW($2:$569))))&""} -> 李林翰 | I19: =SUMPRODUCT(($F$2:$F$569=H19)*($G$2:$G$569)) -> 1 | M19: {=INDEX(K:K,MIN(IF(COUNTIF(M$1:M18,$K$2:$K$100),2^16,ROW($2:$100))))&""} | N19: =SUMPRODUCT(($K$2:$K$100=M19)*($L$2:$L$100)) -> 0 | P19: 李文华 | Q19: 1 | R19: {=INDEX(P:P,MIN(IF(COUNTIF(R$1:R18,$P$2:$P$1500),2^16,ROW($2:$1500))))&""} -> 黄杨蕊 | S19: {=SUMPRODUCT(($P$2:$P$1500=R19)*($Q$2:$Q$1500))} -> 6
A20: 廖勇江 | B20: 1 | C20: {=INDEX(A:A,MIN(IF(COUNTIF(C$1:C19,$A$2:$A$569),2^16,ROW($2:$569))))&""} | F20: 吴鑫卓 | G20: 0.5 | H20: {=INDEX(F:F,MIN(IF(COUNTIF(H$1:H19,$F$2:$F$569),2^16,ROW($2:$569))))&""} -> 陈斌 | I20: =SUMPRODUCT(($F$2:$F$569=H20)*($G$2:$G$569)) -> 2 | M20: {=INDEX(K:K,MIN(IF(COUNTIF(M$1:M19,$K$2:$K$100),2^16,ROW($2:$100))))&""} | N20: =SUMPRODUCT(($K$2:$K$100=M20)*($L$2:$L$100)) -> 0 | P20: 刘晓峰 | Q20: 1 | R20: {=INDEX(P:P,MIN(IF(COUNTIF(R$1:R19,$P$2:$P$1500),2^16,ROW($2:$1500))))&""} -> 李芳 | S20: {=SUMPRODUCT(($P$2:$P$1500=R20)*($Q$2:$Q$1500))} -> 9
A21: 刘青 | B21: 1 | C21: {=INDEX(A:A,MIN(IF(COUNTIF(C$1:C20,$A$2:$A$569),2^16,ROW($2:$569))))&""} | F21: 杨坤 | G21: 0.5 | H21: {=INDEX(F:F,MIN(IF(COUNTIF(H$1:H20,$F$2:$F$569),2^16,ROW($2:$569))))&""} -> 陈为泽 | I21: =SUMPRODUCT(($F$2:$F$569=H21)*($G$2:$G$569)) -> 0.5 | M21: {=INDEX(K:K,MIN(IF(COUNTIF(M$1:M20,$K$2:$K$100),2^16,ROW($2:$100))))&""} | N21: =SUMPRODUCT(($K$2:$K$100=M21)*($L$2:$L$100)) -> 0 | P21: 刘晓峰 | Q21: 1 | R21: {=INDEX(P:P,MIN(IF(COUNTIF(R$1:R20,$P$2:$P$1500),2^16,ROW($2:$1500))))&""} -> 李旭 | S21: {=SUMPRODUCT(($P$2:$P$1500=R21)*($Q$2:$Q$1500))} -> 10.5
A22: 杨善平 | B22: 1 | C22: {=INDEX(A:A,MIN(IF(COUNTIF(C$1:C21,$A$2:$A$569),2^16,ROW($2:$569))))&""} | F22: 杨雨晨 | G22: 1 | H22: {=INDEX(F:F,MIN(IF(COUNTIF(H$1:H21,$F$2:$F$569),2^16,ROW($2:$569))))&""} -> 夏雨捷 | I22: =SUMPRODUCT(($F$2:$F$569=H22)*($G$2:$G$569)) -> 1 | M22: {=INDEX(K:K,MIN(IF(COUNTIF(M$1:M21,$K$2:$K$100),2^16,ROW($2:$100))))&""} | N22: =SUMPRODUCT(($K$2:$K$100=M22)*($L$2:$L$100)) -> 0 | P22: 刘晓峰 | Q22: 1 | R22: {=INDEX(P:P,MIN(IF(COUNTIF(R$1:R21,$P$2:$P$1500),2^16,ROW($2:$1500))))&""} -> 陆巧玲 | S22: {=SUMPRODUCT(($P$2:$P$1500=R22)*($Q$2:$Q$1500))} -> 7
A23: 杨善平 | B23: 1 | C23: {=INDEX(A:A,MIN(IF(COUNTIF(C$1:C22,$A$2:$A$569),2^16,ROW($2:$569))))&""} | F23: 周逸轩 | G23: 0.5 | H23: {=INDEX(F:F,MIN(IF(COUNTIF(H$1:H22,$F$2:$F$569),2^16,ROW($2:$569))))&""} -> 杨善平 | I23: =SUMPRODUCT(($F$2:$F$569=H23)*($G$2:$G$569)) -> 2 | M23: {=INDEX(K:K,MIN(IF(COUNTIF(M$1:M22,$K$2:$K$100),2^16,ROW($2:$100))))&""} | N23: =SUMPRODUCT(($K$2:$K$100=M23)*($L$2:$L$100)) -> 0 | P23: 刘晓峰 | Q23: 1 | R23: {=INDEX(P:P,MIN(IF(COUNTIF(R$1:R22,$P$2:$P$1500),2^16,ROW($2:$1500))))&""} -> 秦文近 | S23: {=SUMPRODUCT(($P$2:$P$1500=R23)*($Q$2:$Q$1500))} -> 5.5
A24: 冯瀚 | B24: 1 | C24: {=INDEX(A:A,MIN(IF(COUNTIF(C$1:C23,$A$2:$A$569),2^16,ROW($2:$569))))&""} | F24: 孙伟 | G24: 0.5 | H24: {=INDEX(F:F,MIN(IF(COUNTIF(H$1:H23,$F$2:$F$569),2^16,ROW($2:$569))))&""} -> 林杨杨 | I24: =SUMPRODUCT(($F$2:$F$569=H24)*($G$2:$G$569)) -> 1 | M24: {=INDEX(K:K,MIN(IF(COUNTIF(M$1:M23,$K$2:$K$100),2^16,ROW($2:$100))))&""} | N24: =SUMPRODUCT(($K$2:$K$100=M24)*($L$2:$L$100)) -> 0 | P24: 刘晓峰 | Q24: 1 | R24: {=INDEX(P:P,MIN(IF(COUNTIF(R$1:R23,$P$2:$P$1500),2^16,ROW($2:$1500))))&""} -> 王银军 | S24: {=SUMPRODUCT(($P$2:$P$1500=R24)*($Q$2:$Q$1500))} -> 7
A25: 金永利 | B25: 1 | C25: {=INDEX(A:A,MIN(IF(COUNTIF(C$1:C24,$A$2:$A$569),2^16,ROW($2:$569))))&""} | F25: 翁宋兵 | G25: 0.5 | H25: {=INDEX(F:F,MIN(IF(COUNTIF(H$1:H24,$F$2:$F$569),2^16,ROW($2:$569))))&""} -> 旷世麟 | I25: =SUMPRODUCT(($F$2:$F$569=H25)*($G$2:$G$569)) -> 1 | M25: {=INDEX(K:K,MIN(IF(COUNTIF(M$1:M24,$K$2:$K$100),2^16,ROW($2:$100))))&""} | N25: =SUMPRODUCT(($K$2:$K$100=M25)*($L$2:$L$100)) -> 0 | P25: 刘晓峰 | Q25: 1 | R25: {=INDEX(P:P,MIN(IF(COUNTIF(R$1:R24,$P$2:$P$1500),2^16,ROW($2:$1500))))&""} -> 吴鑫卓 | S25: {=SUMPRODUCT(($P$2:$P$1500=R25)*($Q$2:$Q$1500))} -> 9
A26: 杨卉卉 | B26: 1 | C26: {=INDEX(A:A,MIN(IF(COUNTIF(C$1:C25,$A$2:$A$56),2^16,ROW($2:$56))))&""} | F26: 陈林 | G26: 0.5 | H26: {=INDEX(F:F,MIN(IF(COUNTIF(H$1:H25,$F$2:$F$569),2^16,ROW($2:$569))))&""} -> 赵继宝 | I26: =SUMPRODUCT(($F$2:$F$569=H26)*($G$2:$G$569)) -> 1 | M26: {=INDEX(K:K,MIN(IF(COUNTIF(M$1:M25,$K$2:$K$100),2^16,ROW($2:$100))))&""} | N26: =SUMPRODUCT(($K$2:$K$100=M26)*($L$2:$L$100)) -> 0 | P26: 王扩军 | Q26: 1 | R26: {=INDEX(P:P,MIN(IF(COUNTIF(R$1:R25,$P$2:$P$1500),2^16,ROW($2:$1500))))&""} -> 杨坤 | S26: {=SUMPRODUCT(($P$2:$P$1500=R26)*($Q$2:$Q$1500))} -> 9
A27: 丁哲伟 | B27: 1 | C27: {=INDEX(A:A,MIN(IF(COUNTIF(C$1:C26,$A$2:$A$56),2^16,ROW($2:$56))))&""} | F27: 张燕 | G27: 1 | H27: {=INDEX(F:F,MIN(IF(COUNTIF(H$1:H26,$F$2:$F$569),2^16,ROW($2:$569))))&""} -> 冯瀚 | I27: =SUMPRODUCT(($F$2:$F$569=H27)*($G$2:$G$569)) -> 0.5 | M27: {=INDEX(K:K,MIN(IF(COUNTIF(M$1:M26,$K$2:$K$100),2^16,ROW($2:$100))))&""} | N27: =SUMPRODUCT(($K$2:$K$100=M27)*($L$2:$L$100)) -> 0 | P27: 王扩军 | Q27: 1 | R27: {=INDEX(P:P,MIN(IF(COUNTIF(R$1:R26,$P$2:$P$1500),2^16,ROW($2:$1500))))&""} -> 杨雨晨 | S27: {=SUMPRODUCT(($P$2:$P$1500=R27)*($Q$2:$Q$1500))} -> 7
A28: 丁哲伟 | B28: 1 | C28: {=INDEX(A:A,MIN(IF(COUNTIF(C$1:C27,$A$2:$A$56),2^16,ROW($2:$56))))&""} | F28: 张燕 | G28: 1 | H28: {=INDEX(F:F,MIN(IF(COUNTIF(H$1:H27,$F$2:$F$569),2^16,ROW($2:$569))))&""} -> 黄驰洋 | I28: =SUMPRODUCT(($F$2:$F$569=H28)*($G$2:$G$569)) -> 2 | M28: {=INDEX(K:K,MIN(IF(COUNTIF(M$1:M27,$K$2:$K$100),2^16,ROW($2:$100))))&""} | N28: =SUMPRODUCT(($K$2:$K$100=M28)*($L$2:$L$100)) -> 0 | P28: 王扩军 | Q28: 1 | R28: {=INDEX(P:P,MIN(IF(COUNTIF(R$1:R27,$P$2:$P$1500),2^16,ROW($2:$1500))))&""} -> 余乐 | S28: {=SUMPRODUCT(($P$2:$P$1500=R28)*($Q$2:$Q$1500))} -> 7
A29: 朱万胜 | B29: 1 | C29: {=INDEX(A:A,MIN(IF(COUNTIF(C$1:C28,$A$2:$A$56),2^16,ROW($2:$56))))&""} | F29: 干然草 | G29: 1 | H29: {=INDEX(F:F,MIN(IF(COUNTIF(H$1:H28,$F$2:$F$569),2^16,ROW($2:$569))))&""} -> 马振斌 | I29: =SUMPRODUCT(($F$2:$F$569=H29)*($G$2:$G$569)) -> 1 | M29: {=INDEX(K:K,MIN(IF(COUNTIF(M$1:M28,$K$2:$K$100),2^16,ROW($2:$100))))&""} | N29: =SUMPRODUCT(($K$2:$K$100=M29)*($L$2:$L$100)) -> 0 | P29: 王扩军 | Q29: 1 | R29: {=INDEX(P:P,MIN(IF(COUNTIF(R$1:R28,$P$2:$P$1500),2^16,ROW($2:$1500))))&""} -> 张培强 | S29: {=SUMPRODUCT(($P$2:$P$1500=R29)*($Q$2:$Q$1500))} -> 6
A30: 朱万胜 | B30: 1 | C30: {=INDEX(A:A,MIN(IF(COUNTIF(C$1:C29,$A$2:$A$56),2^16,ROW($2:$56))))&""} | F30: 李林翰 | G30: 1 | H30: {=INDEX(F:F,MIN(IF(COUNTIF(H$1:H29,$F$2:$F$569),2^16,ROW($2:$569))))&""} -> 时慧玲 | I30: =SUMPRODUCT(($F$2:$F$569=H30)*($G$2:$G$569)) -> 1 | M30: {=INDEX(K:K,MIN(IF(COUNTIF(M$1:M29,$K$2:$K$100),2^16,ROW($2:$100))))&""} | N30: =SUMPRODUCT(($K$2:$K$100=M30)*($L$2:$L$100)) -> 0 | P30: 王扩军 | Q30: 1 | R30: {=INDEX(P:P,MIN(IF(COUNTIF(R$1:R29,$P$2:$P$1500),2^16,ROW($2:$1500))))&""} -> 张欠欠 | S30: {=SUMPRODUCT(($P$2:$P$1500=R30)*($Q$2:$Q$1500))} -> 4
A31: 朱万胜 | B31: 1 | C31: {=INDEX(A:A,MIN(IF(COUNTIF(C$1:C30,$A$2:$A$56),2^16,ROW($2:$56))))&""} | F31: 陈斌 | G31: 1 | H31: {=INDEX(F:F,MIN(IF(COUNTIF(H$1:H30,$F$2:$F$569),2^16,ROW($2:$569))))&""} -> 魏雪 | I31: =SUMPRODUCT(($F$2:$F$569=H31)*($G$2:$G$569)) -> 1 | M31: {=INDEX(K:K,MIN(IF(COUNTIF(M$1:M30,$K$2:$K$100),2^16,ROW($2:$100))))&""} | N31: =SUMPRODUCT(($K$2:$K$100=M31)*($L$2:$L$100)) -> 0 | P31: 王扩军 | Q31: 0.5 | R31: {=INDEX(P:P,MIN(IF(COUNTIF(R$1:R30,$P$2:$P$1500),2^16,ROW($2:$1500))))&""} -> 周逸轩 | S31: {=SUMPRODUCT(($P$2:$P$1500=R31)*($Q$2:$Q$1500))} -> 7.5
A32: 朱万胜 | B32: 1 | C32: {=INDEX(A:A,MIN(IF(COUNTIF(C$1:C31,$A$2:$A$56),2^16,ROW($2:$56))))&""} | F32: 陈斌 | G32: 1 | H32: {=INDEX(F:F,MIN(IF(COUNTIF(H$1:H31,$F$2:$F$569),2^16,ROW($2:$569))))&""} -> 习津涛 | I32: =SUMPRODUCT(($F$2:$F$569=H32)*($G$2:$G$569)) -> 1.5 | M32: {=INDEX(K:K,MIN(IF(COUNTIF(M$1:M31,$K$2:$K$100),2^16,ROW($2:$100))))&""} | N32: =SUMPRODUCT(($K$2:$K$100=M32)*($L$2:$L$100)) -> 0 | P32: 王扩军 | Q32: 1 | R32: {=INDEX(P:P,MIN(IF(COUNTIF(R$1:R31,$P$2:$P$1500),2^16,ROW($2:$1500))))&""} -> 孙伟 | S32: {=SUMPRODUCT(($P$2:$P$1500=R32)*($Q$2:$Q$1500))} -> 7
A33: 朱万胜 | B33: 1 | C33: {=INDEX(A:A,MIN(IF(COUNTIF(C$1:C32,$A$2:$A$56),2^16,ROW($2:$56))))&""} | F33: 陈为泽 | G33: 0.5 | H33: {=INDEX(F:F,MIN(IF(COUNTIF(H$1:H32,$F$2:$F$569),2^16,ROW($2:$569))))&""} -> 赵磊 | I33: =SUMPRODUCT(($F$2:$F$569=H33)*($G$2:$G$569)) -> 4 | M33: {=INDEX(K:K,MIN(IF(COUNTIF(M$1:M32,$K$2:$K$100),2^16,ROW($2:$100))))&""} | N33: =SUMPRODUCT(($K$2:$K$100=M33)*($L$2:$L$100)) -> 0 | P33: 王扩军 | Q33: 1 | R33: {=INDEX(P:P,MIN(IF(COUNTIF(R$1:R32,$P$2:$P$1500),2^16,ROW($2:$1500))))&""} -> 翁宋兵 | S33: {=SUMPRODUCT(($P$2:$P$1500=R33)*($Q$2:$Q$1500))} -> 3
A34: 刘帅 | B34: 1 | C34: {=INDEX(A:A,MIN(IF(COUNTIF(C$1:C33,$A$2:$A$56),2^16,ROW($2:$56))))&""} | F34: 夏雨捷 | G34: 1 | H34: {=INDEX(F:F,MIN(IF(COUNTIF(H$1:H33,$F$2:$F$569),2^16,ROW($2:$569))))&""} -> 朱亚垒 | I34: =SUMPRODUCT(($F$2:$F$569=H34)*($G$2:$G$569)) -> 2 | M34: {=INDEX(K:K,MIN(IF(COUNTIF(M$1:M33,$K$2:$K$100),2^16,ROW($2:$100))))&""} | N34: =SUMPRODUCT(($K$2:$K$100=M34)*($L$2:$L$100)) -> 0 | P34: 戴梦莹 | Q34: 1 | R34: {=INDEX(P:P,MIN(IF(COUNTIF(R$1:R33,$P$2:$P$1500),2^16,ROW($2:$1500))))&""} -> 陈林 | S34: {=SUMPRODUCT(($P$2:$P$1500=R34)*($Q$2:$Q$1500))} -> 7
A35: 徐晋 | B35: 1 | C35: {=INDEX(A:A,MIN(IF(COUNTIF(C$1:C34,$A$2:$A$56),2^16,ROW($2:$56))))&""} | F35: 杨善平 | G35: 1 | H35: {=INDEX(F:F,MIN(IF(COUNTIF(H$1:H34,$F$2:$F$569),2^16,ROW($2:$569))))&""} -> 林彬俊 | I35: =SUMPRODUCT(($F$2:$F$569=H35)*($G$2:$G$569)) -> 0.5 | M35: {=INDEX(K:K,MIN(IF(COUNTIF(M$1:M34,$K$2:$K$100),2^16,ROW($2:$100))))&""} | N35: =SUMPRODUCT(($K$2:$K$100=M35)*($L$2:$L$100)) -> 0 | P35: 戴梦莹 | Q35: 1 | R35: {=INDEX(P:P,MIN(IF(COUNTIF(R$1:R34,$P$2:$P$1500),2^16,ROW($2:$1500))))&""} -> 孟栋成 | S35: {=SUMPRODUCT(($P$2:$P$1500=R35)*($Q$2:$Q$1500))} -> 7
A36: 徐晋 | B36: 1 | C36: {=INDEX(A:A,MIN(IF(COUNTIF(C$1:C35,$A$2:$A$56),2^16,ROW($2:$56))))&""} | F36: 杨善平 | G36: 1 | H36: {=INDEX(F:F,MIN(IF(COUNTIF(H$1:H35,$F$2:$F$569),2^16,ROW($2:$569))))&""} -> 吕鹏 | I36: =SUMPRODUCT(($F$2:$F$569=H36)*($G$2:$G$569)) -> 3 | M36: {=INDEX(K:K,MIN(IF(COUNTIF(M$1:M35,$K$2:$K$100),2^16,ROW($2:$100))))&""} | N36: =SUMPRODUCT(($K$2:$K$100=M36)*($L$2:$L$100)) -> 0 | P36: 戴梦莹 | Q36: 1 | R36: {=INDEX(P:P,MIN(IF(COUNTIF(R$1:R35,$P$2:$P$1500),2^16,ROW($2:$1500))))&""} -> 全卓栋 | S36: {=SUMPRODUCT(($P$2:$P$1500=R36)*($Q$2:$Q$1500))} -> 7
A37: 徐晋 | B37: 1 | C37: {=INDEX(A:A,MIN(IF(COUNTIF(C$1:C36,$A$2:$A$56),2^16,ROW($2:$56))))&""} | F37: 林杨杨 | G37: 1 | H37: {=INDEX(F:F,MIN(IF(COUNTIF(H$1:H36,$F$2:$F$569),2^16,ROW($2:$569))))&""} -> 吕许 | I37: =SUMPRODUCT(($F$2:$F$569=H37)*($G$2:$G$569)) -> 1 | M37: {=INDEX(K:K,MIN(IF(COUNTIF(M$1:M36,$K$2:$K$100),2^16,ROW($2:$100))))&""} | N37: =SUMPRODUCT(($K$2:$K$100=M37)*($L$2:$L$100)) -> 0 | P37: 戴梦莹 | Q37: 1 | R37: {=INDEX(P:P,MIN(IF(COUNTIF(R$1:R36,$P$2:$P$1500),2^16,ROW($2:$1500))))&""} -> 盛俊昆 | S37: {=SUMPRODUCT(($P$2:$P$1500=R37)*($Q$2:$Q$1500))} -> 6
... A42: 王兵 | B42: 1 | C42: {=INDEX(A:A,MIN(IF(COUNTIF(C$1:C41,$A$2:$A$56),2^16,ROW($2:$56))))&""} | F42: 黄驰洋 | G42: 0.5 | H42: {=INDEX(F:F,MIN(IF(COUNTIF(H$1:H41,$F$2:$F$569),2^16,ROW($2:$569))))&""} -> 叶先意 | I42: =SUMPRODUCT(($F$2:$F$569=H42)*($G$2:$G$569)) -> 0.5 | M42: {=INDEX(K:K,MIN(IF(COUNTIF(M$1:M41,$K$2:$K$100),2^16,ROW($2:$100))))&""} | N42: =SUMPRODUCT(($K$2:$K$100=M42)*($L$2:$L$100)) -> 0 | P42: 郭海桃 | Q42: 1 | R42: {=INDEX(P:P,MIN(IF(COUNTIF(R$1:R41,$P$2:$P$1500),2^16,ROW($2:$1500))))&""} -> 廖勇江 | S42: {=SUMPRODUCT(($P$2:$P$1500=R42)*($Q$2:$Q$1500))} -> 15
C43: {=INDEX(A:A,MIN(IF(COUNTIF(C$1:C42,$A$2:$A$56),2^16,ROW($2:$56))))&""} | F43: 黄驰洋 | G43: 0.5 | H43: {=INDEX(F:F,MIN(IF(COUNTIF(H$1:H42,$F$2:$F$569),2^16,ROW($2:$569))))&""} -> 刘帅 | I43: =SUMPRODUCT(($F$2:$F$569=H43)*($G$2:$G$569)) -> 4 | M43: {=INDEX(K:K,MIN(IF(COUNTIF(M$1:M42,$K$2:$K$100),2^16,ROW($2:$100))))&""} | N43: =SUMPRODUCT(($K$2:$K$100=M43)*($L$2:$L$100)) -> 0 | P43: 郭海桃 | Q43: 1 | R43: {=INDEX(P:P,MIN(IF(COUNTIF(R$1:R42,$P$2:$P$1500),2^16,ROW($2:$1500))))&""} -> 楚旭 | S43: {=SUMPRODUCT(($P$2:$P$1500=R43)*($Q$2:$Q$1500))} -> 6
C44: {=INDEX(A:A,MIN(IF(COUNTIF(C$1:C43,$A$2:$A$56),2^16,ROW($2:$56))))&""} | F44: 黄驰洋 | G44: 0.5 | H44: {=INDEX(F:F,MIN(IF(COUNTIF(H$1:H43,$F$2:$F$569),2^16,ROW($2:$569))))&""} -> 邹美洋 | I44: =SUMPRODUCT(($F$2:$F$569=H44)*($G$2:$G$569)) -> 2 | M44: {=INDEX(K:K,MIN(IF(COUNTIF(M$1:M43,$K$2:$K$100),2^16,ROW($2:$100))))&""} | N44: =SUMPRODUCT(($K$2:$K$100=M44)*($L$2:$L$100)) -> 0 | P44: 郭海桃 | Q44: 1 | R44: {=INDEX(P:P,MIN(IF(COUNTIF(R$1:R43,$P$2:$P$1500),2^16,ROW($2:$1500))))&""} -> 干然草 | S44: {=SUMPRODUCT(($P$2:$P$1500=R44)*($Q$2:$Q$1500))} -> 6
C45: {=INDEX(A:A,MIN(IF(COUNTIF(C$1:C44,$A$2:$A$56),2^16,ROW($2:$56))))&""} | F45: 马振斌 | G45: 1 | H45: {=INDEX(F:F,MIN(IF(COUNTIF(H$1:H44,$F$2:$F$569),2^16,ROW($2:$569))))&""} -> 刘高杰 | I45: =SUMPRODUCT(($F$2:$F$569=H45)*($G$2:$G$569)) -> 1 | M45: {=INDEX(K:K,MIN(IF(COUNTIF(M$1:M44,$K$2:$K$100),2^16,ROW($2:$100))))&""} | N45: =SUMPRODUCT(($K$2:$K$100=M45)*($L$2:$L$100)) -> 0 | P45: 郭海桃 | Q45: 1 | R45: {=INDEX(P:P,MIN(IF(COUNTIF(R$1:R44,$P$2:$P$1500),2^16,ROW($2:$1500))))&""} -> 李林翰 | S45: {=SUMPRODUCT(($P$2:$P$1500=R45)*($Q$2:$Q$1500))} -> 6
C46: {=INDEX(A:A,MIN(IF(COUNTIF(C$1:C45,$A$2:$A$56),2^16,ROW($2:$56))))&""} | F46: 时慧玲 | G46: 1 | H46: {=INDEX(F:F,MIN(IF(COUNTIF(H$1:H45,$F$2:$F$569),2^16,ROW($2:$569))))&""} -> 潘凌云 | I46: =SUMPRODUCT(($F$2:$F$569=H46)*($G$2:$G$569)) -> 1.5 | M46: {=INDEX(K:K,MIN(IF(COUNTIF(M$1:M45,$K$2:$K$100),2^16,ROW($2:$100))))&""} | N46: =SUMPRODUCT(($K$2:$K$100=M46)*($L$2:$L$100)) -> 0 | P46: 郭海桃 | Q46: 1 | R46: {=INDEX(P:P,MIN(IF(COUNTIF(R$1:R45,$P$2:$P$1500),2^16,ROW($2:$1500))))&""} -> 刘丽 | S46: {=SUMPRODUCT(($P$2:$P$1500=R46)*($Q$2:$Q$1500))} -> 8
C47: {=INDEX(A:A,MIN(IF(COUNTIF(C$1:C46,$A$2:$A$56),2^16,ROW($2:$56))))&""} | F47: 魏雪 | G47: 1 | H47: {=INDEX(F:F,MIN(IF(COUNTIF(H$1:H46,$F$2:$F$569),2^16,ROW($2:$569))))&""} -> 王晓雅 | I47: =SUMPRODUCT(($F$2:$F$569=H47)*($G$2:$G$569)) -> 2 | M47: {=INDEX(K:K,MIN(IF(COUNTIF(M$1:M46,$K$2:$K$100),2^16,ROW($2:$100))))&""} | N47: =SUMPRODUCT(($K$2:$K$100=M47)*($L$2:$L$100)) -> 0 | P47: 郭海桃 | Q47: 1 | R47: {=INDEX(P:P,MIN(IF(COUNTIF(R$1:R46,$P$2:$P$1500),2^16,ROW($2:$1500))))&""} -> 王鹏飞 | S47: {=SUMPRODUCT(($P$2:$P$1500=R47)*($Q$2:$Q$1500))} -> 11
C48: {=INDEX(A:A,MIN(IF(COUNTIF(C$1:C47,$A$2:$A$56),2^16,ROW($2:$56))))&""} | F48: 习津涛 | G48: 0.5 | H48: {=INDEX(F:F,MIN(IF(COUNTIF(H$1:H47,$F$2:$F$569),2^16,ROW($2:$569))))&""} -> 张晟毓 | I48: =SUMPRODUCT(($F$2:$F$569=H48)*($G$2:$G$569)) -> 2 | M48: {=INDEX(K:K,MIN(IF(COUNTIF(M$1:M47,$K$2:$K$100),2^16,ROW($2:$100))))&""} | N48: =SUMPRODUCT(($K$2:$K$100=M48)*($L$2:$L$100)) -> 0 | P48: 郭海桃 | Q48: 1 | R48: {=INDEX(P:P,MIN(IF(COUNTIF(R$1:R47,$P$2:$P$1500),2^16,ROW($2:$1500))))&""} -> 郑佳男 | S48: {=SUMPRODUCT(($P$2:$P$1500=R48)*($Q$2:$Q$1500))} -> 10
C49: {=INDEX(A:A,MIN(IF(COUNTIF(C$1:C48,$A$2:$A$56),2^16,ROW($2:$56))))&""} | F49: 习津涛 | G49: 0.5 | H49: {=INDEX(F:F,MIN(IF(COUNTIF(H$1:H48,$F$2:$F$569),2^16,ROW($2:$569))))&""} -> 王兵 | I49: =SUMPRODUCT(($F$2:$F$569=H49)*($G$2:$G$569)) -> 1 | M49: {=INDEX(K:K,MIN(IF(COUNTIF(M$1:M48,$K$2:$K$100),2^16,ROW($2:$100))))&""} | N49: =SUMPRODUCT(($K$2:$K$100=M49)*($L$2:$L$100)) -> 0 | P49: 林贤顺 | Q49: 1 | R49: {=INDEX(P:P,MIN(IF(COUNTIF(R$1:R48,$P$2:$P$1500),2^16,ROW($2:$1500))))&""} -> 陈斌 | S49: {=SUMPRODUCT(($P$2:$P$1500=R49)*($Q$2:$Q$1500))} -> 6
C50: {=INDEX(A:A,MIN(IF(COUNTIF(C$1:C49,$A$2:$A$56),2^16,ROW($2:$56))))&""} | F50: 习津涛 | G50: 0.5 | H50: {=INDEX(F:F,MIN(IF(COUNTIF(H$1:H49,$F$2:$F$569),2^16,ROW($2:$569))))&""} | M50: {=INDEX(K:K,MIN(IF(COUNTIF(M$1:M49,$K$2:$K$100),2^16,ROW($2:$100))))&""} | N50: =SUMPRODUCT(($K$2:$K$100=M50)*($L$2:$L$100)) -> 0 | P50: 林贤顺 | Q50: 1 | R50: {=INDEX(P:P,MIN(IF(COUNTIF(R$1:R49,$P$2:$P$1500),2^16,ROW($2:$1500))))&""} -> 陈为泽 | S50: {=SUMPRODUCT(($P$2:$P$1500=R50)*($Q$2:$Q$1500))} -> 7
C51: {=INDEX(A:A,MIN(IF(COUNTIF(C$1:C50,$A$2:$A$56),2^16,ROW($2:$56))))&""} | F51: 赵磊 | G51: 1 | H51: {=INDEX(F:F,MIN(IF(COUNTIF(H$1:H50,$F$2:$F$569),2^16,ROW($2:$569))))&""} | M51: {=INDEX(K:K,MIN(IF(COUNTIF(M$1:M50,$K$2:$K$100),2^16,ROW($2:$100))))&""} | N51: =SUMPRODUCT(($K$2:$K$100=M51)*($L$2:$L$100)) -> 0 | P51: 林贤顺 | Q51: 1 | R51: {=INDEX(P:P,MIN(IF(COUNTIF(R$1:R50,$P$2:$P$1500),2^16,ROW($2:$1500))))&""} -> 范天星 | S51: {=SUMPRODUCT(($P$2:$P$1500=R51)*($Q$2:$Q$1500))} -> 6
F52: 赵磊 | G52: 1 | H52: {=INDEX(F:F,MIN(IF(COUNTIF(H$1:H51,$F$2:$F$569),2^16,ROW($2:$569))))&""} | M52: {=INDEX(K:K,MIN(IF(COUNTIF(M$1:M51,$K$2:$K$100),2^16,ROW($2:$100))))&""} | N52: =SUMPRODUCT(($K$2:$K$100=M52)*($L$2:$L$100)) -> 0 | P52: 林贤顺 | Q52: 1 | R52: {=INDEX(P:P,MIN(IF(COUNTIF(R$1:R51,$P$2:$P$1500),2^16,ROW($2:$1500))))&""} -> 桂志雄 | S52: {=SUMPRODUCT(($P$2:$P$1500=R52)*($Q$2:$Q$1500))} -> 7
F53: 赵磊 | G53: 1 | H53: {=INDEX(F:F,MIN(IF(COUNTIF(H$1:H52,$F$2:$F$569),2^16,ROW($2:$569))))&""} | M53: {=INDEX(K:K,MIN(IF(COUNTIF(M$1:M52,$K$2:$K$100),2^16,ROW($2:$100))))&""} | N53: =SUMPRODUCT(($K$2:$K$100=M53)*($L$2:$L$100)) -> 0 | P53: 林贤顺 | Q53: 1 | R53: {=INDEX(P:P,MIN(IF(COUNTIF(R$1:R52,$P$2:$P$1500),2^16,ROW($2:$1500))))&""} -> 李清范 | S53: {=SUMPRODUCT(($P$2:$P$1500=R53)*($Q$2:$Q$1500))} -> 8
F54: 赵磊 | G54: 1 | H54: {=INDEX(F:F,MIN(IF(COUNTIF(H$1:H53,$F$2:$F$569),2^16,ROW($2:$569))))&""} | M54: {=INDEX(K:K,MIN(IF(COUNTIF(M$1:M53,$K$2:$K$100),2^16,ROW($2:$100))))&""} | N54: =SUMPRODUCT(($K$2:$K$100=M54)*($L$2:$L$100)) -> 0 | P54: 林贤顺 | Q54: 1 | R54: {=INDEX(P:P,MIN(IF(COUNTIF(R$1:R53,$P$2:$P$1500),2^16,ROW($2:$1500))))&""} -> 刘青 | S54: {=SUMPRODUCT(($P$2:$P$1500=R54)*($Q$2:$Q$1500))} -> 10
F55: 朱亚垒 | G55: 1 | H55: {=INDEX(F:F,MIN(IF(COUNTIF(H$1:H54,$F$2:$F$569),2^16,ROW($2:$569))))&""} | M55: {=INDEX(K:K,MIN(IF(COUNTIF(M$1:M54,$K$2:$K$100),2^16,ROW($2:$100))))&""} | N55: =SUMPRODUCT(($K$2:$K$100=M55)*($L$2:$L$100)) -> 0 | P55: 李雪霁 | Q55: 1 | R55: {=INDEX(P:P,MIN(IF(COUNTIF(R$1:R54,$P$2:$P$1500),2^16,ROW($2:$1500))))&""} -> 骆剑 | S55: {=SUMPRODUCT(($P$2:$P$1500=R55)*($Q$2:$Q$1500))} -> 7
F56: 朱亚垒 | G56: 1 | M56: {=INDEX(K:K,MIN(IF(COUNTIF(M$1:M55,$K$2:$K$100),2^16,ROW($2:$100))))&""} | N56: =SUMPRODUCT(($K$2:$K$100=M56)*($L$2:$L$100)) -> 0 | P56: 宋佳慧 | Q56: 1 | R56: {=INDEX(P:P,MIN(IF(COUNTIF(R$1:R55,$P$2:$P$1500),2^16,ROW($2:$1500))))&""} -> 盛兴飞 | S56: {=SUMPRODUCT(($P$2:$P$1500=R56)*($Q$2:$Q$1500))} -> 7
F57: 林彬俊 | G57: 0.5 | M57: {=INDEX(K:K,MIN(IF(COUNTIF(M$1:M56,$K$2:$K$100),2^16,ROW($2:$100))))&""} | N57: =SUMPRODUCT(($K$2:$K$100=M57)*($L$2:$L$100)) -> 0 | P57: 宋佳慧 | Q57: 1 | R57: {=INDEX(P:P,MIN(IF(COUNTIF(R$1:R56,$P$2:$P$1500),2^16,ROW($2:$1500))))&""} -> 夏雨捷 | S57: {=SUMPRODUCT(($P$2:$P$1500=R57)*($Q$2:$Q$1500))} -> 5
F58: 吕鹏 | G58: 1 | M58: {=INDEX(K:K,MIN(IF(COUNTIF(M$1:M57,$K$2:$K$100),2^16,ROW($2:$100))))&""} | N58: =SUMPRODUCT(($K$2:$K$100=M58)*($L$2:$L$100)) -> 0 | P58: 宋佳慧 | Q58: 1 | R58: {=INDEX(P:P,MIN(IF(COUNTIF(R$1:R57,$P$2:$P$1500),2^16,ROW($2:$1500))))&""} -> 杨善平 | S58: {=SUMPRODUCT(($P$2:$P$1500=R58)*($Q$2:$Q$1500))} -> 6
F59: 吕鹏 | G59: 1 | M59: {=INDEX(K:K,MIN(IF(COUNTIF(M$1:M58,$K$2:$K$100),2^16,ROW($2:$100))))&""} | N59: =SUMPRODUCT(($K$2:$K$100=M59)*($L$2:$L$100)) -> 0 | P59: 宋佳慧 | Q59: 1 | R59: {=INDEX(P:P,MIN(IF(COUNTIF(R$1:R58,$P$2:$P$1500),2^16,ROW($2:$1500))))&""} -> 杨瀚 | S59: {=SUMPRODUCT(($P$2:$P$1500=R59)*($Q$2:$Q$1500))} -> 10
F60: 吕鹏 | G60: 1 | M60: {=INDEX(K:K,MIN(IF(COUNTIF(M$1:M59,$K$2:$K$100),2^16,ROW($2:$100))))&""} | N60: =SUMPRODUCT(($K$2:$K$100=M60)*($L$2:$L$100)) -> 0 | P60: 宋佳慧 | Q60: 1 | R60: {=INDEX(P:P,MIN(IF(COUNTIF(R$1:R59,$P$2:$P$1500),2^16,ROW($2:$1500))))&""} -> 张华宝 | S60: {=SUMPRODUCT(($P$2:$P$1500=R60)*($Q$2:$Q$1500))} -> 9
F61: 吕许 | G61: 1 | P61: 宋佳慧 | Q61: 1 | R61: {=INDEX(P:P,MIN(IF(COUNTIF(R$1:R60,$P$2:$P$1500),2^16,ROW($2:$1500))))&""} -> 李明 | S61: {=SUMPRODUCT(($P$2:$P$1500=R61)*($Q$2:$Q$1500))} -> 7
F62: 徐雯 | G62: 0.5 | H62: {=INDEX(F:F,MIN(IF(COUNTIF(H$1:H61,$F$2:$F$569),2^16,ROW($2:$569))))&""} | P62: 连成鹏 | Q62: 1 | R62: {=INDEX(P:P,MIN(IF(COUNTIF(R$1:R61,$P$2:$P$1500),2^16,ROW($2:$1500))))&""} -> 林杨杨 | S62: {=SUMPRODUCT(($P$2:$P$1500=R62)*($Q$2:$Q$1500))} -> 9
F63: 徐雯 | G63: 1 | H63: {=INDEX(F:F,MIN(IF(COUNTIF(H$1:H62,$F$2:$F$569),2^16,ROW($2:$569))))&""} | P63: 连成鹏 | Q63: 1 | R63: {=INDEX(P:P,MIN(IF(COUNTIF(R$1:R62,$P$2:$P$1500),2^16,ROW($2:$1500))))&""} -> 饶宝娃 | S63: {=SUMPRODUCT(($P$2:$P$1500=R63)*($Q$2:$Q$1500))} -> 7
F64: 李双龙 | G64: 1 | H64: {=INDEX(F:F,MIN(IF(COUNTIF(H$1:H63,$F$2:$F$569),2^16,ROW($2:$569))))&""} | P64: 连成鹏 | Q64: 1 | R64: {=INDEX(P:P,MIN(IF(COUNTIF(R$1:R63,$P$2:$P$1500),2^16,ROW($2:$1500))))&""} -> 张泳 | S64: {=SUMPRODUCT(($P$2:$P$1500=R64)*($Q$2:$Q$1500))} -> 7
F65: 李洋 | G65: 0.5 | H65: {=INDEX(F:F,MIN(IF(COUNTIF(H$1:H64,$F$2:$F$569),2^16,ROW($2:$569))))&""} | P65: 连成鹏 | Q65: 1 | R65: {=INDEX(P:P,MIN(IF(COUNTIF(R$1:R64,$P$2:$P$1500),2^16,ROW($2:$1500))))&""} -> 崔康 | S65: {=SUMPRODUCT(($P$2:$P$1500=R65)*($Q$2:$Q$1500))} -> 8
F66: 李洋 | G66: 0.5 | H66: {=INDEX(F:F,MIN(IF(COUNTIF(H$1:H65,$F$2:$F$569),2^16,ROW($2:$569))))&""} | P66: 连成鹏 | Q66: 1 | R66: {=INDEX(P:P,MIN(IF(COUNTIF(R$1:R65,$P$2:$P$1500),2^16,ROW($2:$1500))))&""} -> 旷世麟 | S66: {=SUMPRODUCT(($P$2:$P$1500=R66)*($Q$2:$Q$1500))} -> 7
F67: 梁璁哲 | G67: 1 | H67: {=INDEX(F:F,MIN(IF(COUNTIF(H$1:H66,$F$2:$F$569),2^16,ROW($2:$569))))&""} | P67: 孙倩 | Q67: 1 | R67: {=INDEX(P:P,MIN(IF(COUNTIF(R$1:R66,$P$2:$P$1500),2^16,ROW($2:$1500))))&""} -> 王威 | S67: {=SUMPRODUCT(($P$2:$P$1500=R67)*($Q$2:$Q$1500))} -> 5
F68: 叶先意 | G68: 0.5 | H68: {=INDEX(F:F,MIN(IF(COUNTIF(H$1:H67,$F$2:$F$569),2^16,ROW($2:$569))))&""} | P68: 孙倩 | Q68: 1 | R68: {=INDEX(P:P,MIN(IF(COUNTIF(R$1:R67,$P$2:$P$1500),2^16,ROW($2:$1500))))&""} -> 吴双 | S68: {=SUMPRODUCT(($P$2:$P$1500=R68)*($Q$2:$Q$1500))} -> 8
F69: 刘帅 | G69: 1 | H69: {=INDEX(F:F,MIN(IF(COUNTIF(H$1:H68,$F$2:$F$569),2^16,ROW($2:$569))))&""} | P69: 孙倩 | Q69: 1 | R69: {=INDEX(P:P,MIN(IF(COUNTIF(R$1:R68,$P$2:$P$1500),2^16,ROW($2:$1500))))&""} -> 赵继宝 | S69: {=SUMPRODUCT(($P$2:$P$1500=R69)*($Q$2:$Q$1500))} -> 12
F70: 刘帅 | G70: 1 | H70: {=INDEX(F:F,MIN(IF(COUNTIF(H$1:H69,$F$2:$F$569),2^16,ROW($2:$569))))&""} | P70: 孙倩 | Q70: 1 | R70: {=INDEX(P:P,MIN(IF(COUNTIF(R$1:R69,$P$2:$P$1500),2^16,ROW($2:$1500))))&""} -> 范鹏翔 | S70: {=SUMPRODUCT(($P$2:$P$1500=R70)*($Q$2:$Q$1500))} -> 14
F71: 刘帅 | G71: 1 | H71: {=INDEX(F:F,MIN(IF(COUNTIF(H$1:H70,$F$2:$F$569),2^16,ROW($2:$569))))&""} | P71: 孙倩 | Q71: 1 | R71: {=INDEX(P:P,MIN(IF(COUNTIF(R$1:R70,$P$2:$P$1500),2^16,ROW($2:$1500))))&""} -> 冯瀚 | S71: {=SUMPRODUCT(($P$2:$P$1500=R71)*($Q$2:$Q$1500))} -> 11
F72: 刘帅 | G72: 1 | H72: {=INDEX(F:F,MIN(IF(COUNTIF(H$1:H71,$F$2:$F$569),2^16,ROW($2:$569))))&""} | P72: 孙倩 | Q72: 1 | R72: {=INDEX(P:P,MIN(IF(COUNTIF(R$1:R71,$P$2:$P$1500),2^16,ROW($2:$1500))))&""} -> 黄驰洋 | S72: {=SUMPRODUCT(($P$2:$P$1500=R72)*($Q$2:$Q$1500))} -> 8
F73: 邹美洋 | G73: 1 | H73: {=INDEX(F:F,MIN(IF(COUNTIF(H$1:H72,$F$2:$F$569),2^16,ROW($2:$569))))&""} | P73: 孙倩 | Q73: 1 | R73: {=INDEX(P:P,MIN(IF(COUNTIF(R$1:R72,$P$2:$P$1500),2^16,ROW($2:$1500))))&""} -> 金永利 | S73: {=SUMPRODUCT(($P$2:$P$1500=R73)*($Q$2:$Q$1500))} -> 11
... F80: 王晓雅 | G80: 1 | H80: {=INDEX(F:F,MIN(IF(COUNTIF(H$1:H79,$F$2:$F$569),2^16,ROW($2:$569))))&""} | P80: 张景雲 | Q80: 1 | R80: {=INDEX(P:P,MIN(IF(COUNTIF(R$1:R79,$P$2:$P$1500),2^16,ROW($2:$1500))))&""} -> 习津涛 | S80: {=SUMPRODUCT(($P$2:$P$1500=R80)*($Q$2:$Q$1500))} -> 8
F81: 王晓雅 | G81: 1 | P81: 边皖佳 | Q81: 1 | R81: {=INDEX(P:P,MIN(IF(COUNTIF(R$1:R80,$P$2:$P$1500),2^16,ROW($2:$1500))))&""} -> 杨伟成 | S81: {=SUMPRODUCT(($P$2:$P$1500=R81)*($Q$2:$Q$1500))} -> 7
F82: 张晟毓 | G82: 1 | H82: {=INDEX(F:F,MIN(IF(COUNTIF(H$1:H81,$F$2:$F$569),2^16,ROW($2:$569))))&""} | P82: 边皖佳 | Q82: 1 | R82: {=INDEX(P:P,MIN(IF(COUNTIF(R$1:R81,$P$2:$P$1500),2^16,ROW($2:$1500))))&""} -> 赵磊 | S82: {=SUMPRODUCT(($P$2:$P$1500=R82)*($Q$2:$Q$1500))} -> 7.5
F83: 张晟毓 | G83: 1 | H83: {=INDEX(F:F,MIN(IF(COUNTIF(H$1:H82,$F$2:$F$569),2^16,ROW($2:$569))))&""} | P83: 边皖佳 | Q83: 1 | R83: {=INDEX(P:P,MIN(IF(COUNTIF(R$1:R82,$P$2:$P$1500),2^16,ROW($2:$1500))))&""} -> 朱亚垒 | S83: {=SUMPRODUCT(($P$2:$P$1500=R83)*($Q$2:$Q$1500))} -> 9
F84: 王兵 | G84: 0.5 | H84: {=INDEX(F:F,MIN(IF(COUNTIF(H$1:H83,$F$2:$F$569),2^16,ROW($2:$569))))&""} | P84: 边皖佳 | Q84: 1 | R84: {=INDEX(P:P,MIN(IF(COUNTIF(R$1:R83,$P$2:$P$1500),2^16,ROW($2:$1500))))&""} -> 祝艳婷 | S84: {=SUMPRODUCT(($P$2:$P$1500=R84)*($Q$2:$Q$1500))} -> 6
F85: 王兵 | G85: 0.5 | H85: {=INDEX(F:F,MIN(IF(COUNTIF(H$1:H84,$F$2:$F$569),2^16,ROW($2:$569))))&""} | P85: 边皖佳 | Q85: 1 | R85: {=INDEX(P:P,MIN(IF(COUNTIF(R$1:R84,$P$2:$P$1500),2^16,ROW($2:$1500))))&""} -> 何政演 | S85: {=SUMPRODUCT(($P$2:$P$1500=R85)*($Q$2:$Q$1500))} -> 7
H86: {=INDEX(F:F,MIN(IF(COUNTIF(H$1:H85,$F$2:$F$569),2^16,ROW($2:$569))))&""} | P86: 边皖佳 | Q86: 1 | R86: {=INDEX(P:P,MIN(IF(COUNTIF(R$1:R85,$P$2:$P$1500),2^16,ROW($2:$1500))))&""} -> 胡鑫鑫 | S86: {=SUMPRODUCT(($P$2:$P$1500=R86)*($Q$2:$Q$1500))} -> 9
P87: 边皖佳 | Q87: 1 | R87: {=INDEX(P:P,MIN(IF(COUNTIF(R$1:R86,$P$2:$P$1500),2^16,ROW($2:$1500))))&""} -> 林彬俊 | S87: {=SUMPRODUCT(($P$2:$P$1500=R87)*($Q$2:$Q$1500))} -> 7
P88: 曹超 | Q88: 1 | R88: {=INDEX(P:P,MIN(IF(COUNTIF(R$1:R87,$P$2:$P$1500),2^16,ROW($2:$1500))))&""} -> 吕鹏 | S88: {=SUMPRODUCT(($P$2:$P$1500=R88)*($Q$2:$Q$1500))} -> 6
P89: 曹超 | Q89: 1 | R89: {=INDEX(P:P,MIN(IF(COUNTIF(R$1:R88,$P$2:$P$1500),2^16,ROW($2:$1500))))&""} -> 吕许 | S89: {=SUMPRODUCT(($P$2:$P$1500=R89)*($Q$2:$Q$1500))} -> 6
P90: 曹超 | Q90: 1 | R90: {=INDEX(P:P,MIN(IF(COUNTIF(R$1:R89,$P$2:$P$1500),2^16,ROW($2:$1500))))&""} -> 马力达 | S90: {=SUMPRODUCT(($P$2:$P$1500=R90)*($Q$2:$Q$1500))} -> 7
P91: 曹超 | Q91: 1 | R91: {=INDEX(P:P,MIN(IF(COUNTIF(R$1:R90,$P$2:$P$1500),2^16,ROW($2:$1500))))&""} -> 王文越 | S91: {=SUMPRODUCT(($P$2:$P$1500=R91)*($Q$2:$Q$1500))} -> 7
P92: 曹超 | Q92: 1 | R92: {=INDEX(P:P,MIN(IF(COUNTIF(R$1:R91,$P$2:$P$1500),2^16,ROW($2:$1500))))&""} -> 徐雯 | S92: {=SUMPRODUCT(($P$2:$P$1500=R92)*($Q$2:$Q$1500))} -> 2
P93: 曹超 | Q93: 1 | R93: {=INDEX(P:P,MIN(IF(COUNTIF(R$1:R92,$P$2:$P$1500),2^16,ROW($2:$1500))))&""} -> 杨卉卉 | S93: {=SUMPRODUCT(($P$2:$P$1500=R93)*($Q$2:$Q$1500))} -> 10
P94: 曹超 | Q94: 1 | R94: {=INDEX(P:P,MIN(IF(COUNTIF(R$1:R93,$P$2:$P$1500),2^16,ROW($2:$1500))))&""} -> 杨涛 | S94: {=SUMPRODUCT(($P$2:$P$1500=R94)*($Q$2:$Q$1500))} -> 6
P95: 曹超 | Q95: 1 | R95: {=INDEX(P:P,MIN(IF(COUNTIF(R$1:R94,$P$2:$P$1500),2^16,ROW($2:$1500))))&""} -> 赵一龙 | S95: {=SUMPRODUCT(($P$2:$P$1500=R95)*($Q$2:$Q$1500))} -> 7
P96: 陈远发 | Q96: 1 | R96: {=INDEX(P:P,MIN(IF(COUNTIF(R$1:R95,$P$2:$P$1500),2^16,ROW($2:$1500))))&""} -> 邹立彬 | S96: {=SUMPRODUCT(($P$2:$P$1500=R96)*($Q$2:$Q$1500))} -> 9
P97: 陈远发 | Q97: 1 | R97: {=INDEX(P:P,MIN(IF(COUNTIF(R$1:R96,$P$2:$P$1500),2^16,ROW($2:$1500))))&""} -> 郑雯婕 | S97: {=SUMPRODUCT(($P$2:$P$1500=R97)*($Q$2:$Q$1500))} -> 8
P98: 陈远发 | Q98: 1 | R98: {=INDEX(P:P,MIN(IF(COUNTIF(R$1:R97,$P$2:$P$1500),2^16,ROW($2:$1500))))&""} -> 卓光钦 | S98: {=SUMPRODUCT(($P$2:$P$1500=R98)*($Q$2:$Q$1500))} -> 11
... P126: 李旭 | Q126: 0.5 | R126: {=INDEX(P:P,MIN(IF(COUNTIF(R$1:R125,$P$2:$P$1500),2^16,ROW($2:$1500))))&""} -> 王兵 | S126: {=SUMPRODUCT(($P$2:$P$1500=R126)*($Q$2:$Q$1500))} -> 10.5
P127: 李旭 | Q127: 1 | R127: {=INDEX(P:P,MIN(IF(COUNTIF(R$1:R126,$P$2:$P$1500),2^16,ROW($2:$1500))))&""}
P128: 李旭 | Q128: 1 | R128: {=INDEX(P:P,MIN(IF(COUNTIF(R$1:R127,$P$2:$P$1500),2^16,ROW($2:$1500))))&""}
P129: 李旭 | Q129: 1 | R129: {=INDEX(P:P,MIN(IF(COUNTIF(R$1:R128,$P$2:$P$1500),2^16,ROW($2:$1500))))&""}
P130: 陆巧玲 | Q130: 1 | R130: {=INDEX(P:P,MIN(IF(COUNTIF(R$1:R129,$P$2:$P$1500),2^16,ROW($2:$1500))))&""}
P131: 陆巧玲 | Q131: 1 | R131: {=INDEX(P:P,MIN(IF(COUNTIF(R$1:R130,$P$2:$P$1500),2^16,ROW($2:$1500))))&""}
P132: 陆巧玲 | Q132: 1 | R132: {=INDEX(P:P,MIN(IF(COUNTIF(R$1:R131,$P$2:$P$1500),2^16,ROW($2:$1500))))&""}
P133: 陆巧玲 | Q133: 1 | R133: {=INDEX(P:P,MIN(IF(COUNTIF(R$1:R132,$P$2:$P$1500),2^16,ROW($2:$1500))))&""}
P134: 陆巧玲 | Q134: 1 | R134: {=INDEX(P:P,MIN(IF(COUNTIF(R$1:R133,$P$2:$P$1500),2^16,ROW($2:$1500))))&""}
P135: 陆巧玲 | Q135: 1 | R135: {=INDEX(P:P,MIN(IF(COUNTIF(R$1:R134,$P$2:$P$1500),2^16,ROW($2:$1500))))&""}
P136: 陆巧玲 | Q136: 1 | R136: {=INDEX(P:P,MIN(IF(COUNTIF(R$1:R135,$P$2:$P$1500),2^16,ROW($2:$1500))))&""}
P137: 秦文近 | Q137: 1
P138: 秦文近 | Q138: 1
P139: 秦文近 | Q139: 1
P140: 秦文近 | Q140: 0.5
...

Sheet 出勤汇总
A1: 员工编号 | B1: 部门 | C1: 姓名 | D1: 岗位 | E1: 月份 | F1: 迟到次数 | G1: 事假(天) | H1: 病假(天) | I1: 产假(天) | J1: 婚假(天) | K1: 丧假(天) | L1: 护理假(天) | M1: 其他假(天) | N1: 请假总天数 | O1: 平时计费加班工时 | P1: 周末计费加班工时 | Q1: 节假日计费加班工时 | R1: 翻倍后计费加班工时 | S1: 应上班(天) | T1: 上班(天) | U1: 正常餐补 | V1: 餐补调整 | W1: 当月餐补 | X1: 年份 | Y1: 账套 | Z1: 餐补扣除 | AA1: 出差(天) | AB1: 调休/居家(天) | AC1: 实上班(天) | AD1: 餐补调数(天) | AE1: 餐补调整 | AF1: 当月餐补合计
A2: 165619 | B2: 研发中心 | C2: 李文华 | D2: 副总经理兼（国内）膜式气表产品规划管理部及（国内）超声气表产品规划管理部产品总监 | E2: 2月 | N2: =SUM(G2:M2) -> 0 | S2: 19 | T2: =S2-N2 -> 19 | U2: =AC2*15 -> 180 | V2: =AE2-Z2*15 -> 75 | W2: =U2+V2 -> 255 | X2: 2025 | Y2: HR-001 | AA2: =VLOOKUP(C2,餐补次数!$C$2:$D$17,2,0) -> 7 | AC2: =T2-AA2-AB2 -> 12 | AD2: =VLOOKUP(C2,餐补次数!$R$2:$S$150,2,0) -> 5 | AE2: =AD2*15 -> 75 | AF2: =U2+AE2-Z2*15 -> 255
A3: 165620 | B3: 研发中心 | C3: 王兵 | D3: 副总经理 | E3: 2月 | N3: =SUM(G3:M3) -> 0 | S3: 19 | T3: =S3-N3 -> 19 | U3: =AC3*15 -> 255 | V3: =AE3-Z3*15 -> 157.5 | W3: =U3+V3 -> 412.5 | X3: 2025 | Y3: HR-001 | AA3: =VLOOKUP(C3,餐补次数!$C$2:$D$17,2,0) -> 1 | AB3: =VLOOKUP(C3,餐补次数!$H$2:$I$100,2,0) -> 1 | AC3: =T3-AA3-AB3 -> 17 | AD3: =VLOOKUP(C3,餐补次数!$R$2:$S$150,2,0) -> 10.5 | AE3: =AD3*15 -> 157.5 | AF3: =U3+AE3-Z3*15 -> 412.5
A4: 165621 | B4: 研发中心 | C4: 林扬宣 | D4: 副总经理 | E4: 2月 | N4: =SUM(G4:M4) -> 0 | S4: 19 | T4: =S4-N4 -> 19 | U4: =AC4*15 -> 240 | V4: =AE4-Z4*15 -> 150 | W4: =U4+V4 -> 390 | X4: 2025 | Y4: HR-001 | AA4: =VLOOKUP(C4,餐补次数!$C$2:$D$17,2,0) -> 3 | AC4: =T4-AA4-AB4 -> 16 | AD4: =VLOOKUP(C4,餐补次数!$R$2:$S$150,2,0) -> 10 | AE4: =AD4*15 -> 150 | AF4: =U4+AE4-Z4*15 -> 390
A5: 165622 | B5: 研发中心 | C5: 李季 | D5: 副总经理兼国内水表产品规划管理部产品总监 | E5: 2月 | N5: =SUM(G5:M5) -> 0 | S5: 19 | T5: =S5-N5 -> 19 | U5: =AC5*15 -> 285 | V5: =AE5-Z5*15 -> 75 | W5: =U5+V5 -> 360 | X5: 2025 | Y5: HR-001 | AC5: =T5-AA5-AB5 -> 19 | AD5: =VLOOKUP(C5,餐补次数!$R$2:$S$150,2,0) -> 5 | AE5: =AD5*15 -> 75 | AF5: =U5+AE5-Z5*15 -> 360
A6: 165623 | B6: 研发中心 | C6: 王扩军 | D6: 总经理助理 | E6: 2月 | N6: =SUM(G6:M6) -> 0 | S6: 19 | T6: =S6-N6 -> 19 | U6: =AC6*15 -> 277.5 | V6: =AE6-Z6*15 -> 112.5 | W6: =U6+V6 -> 390 | X6: 2025 | Y6: HR-001 | AB6: =VLOOKUP(C6,餐补次数!$H$2:$I$100,2,0) -> 0.5 | AC6: =T6-AA6-AB6 -> 18.5 | AD6: =VLOOKUP(C6,餐补次数!$R$2:$S$150,2,0) -> 7.5 | AE6: =AD6*15 -> 112.5 | AF6: =U6+AE6-Z6*15 -> 390
A7: 165624 | B7: 研发中心 | C7: 何威迪 | D7: 副总经理兼海外气表产品规划管理部及多元智能产品规划管理部产品总监 | E7: 2月 | N7: =SUM(G7:M7) -> 0 | S7: 19 | T7: =S7-N7 -> 19 | U7: =AC7*15 -> 285 | V7: =AE7-Z7*15 -> 120 | W7: =U7+V7 -> 405 | X7: 2025 | Y7: HR-001 | AC7: =T7-AA7-AB7 -> 19 | AD7: =VLOOKUP(C7,餐补次数!$R$2:$S$150,2,0) -> 8 | AE7: =AD7*15 -> 120 | AF7: =U7+AE7-Z7*15 -> 405
A8: 165625 | B8: 研发中心 | C8: 刘晓峰 | D8: 总经理助理兼海外水表产品规划管理部产品总监 | E8: 2月 | N8: =SUM(G8:M8) -> 0 | S8: 19 | T8: =S8-N8 -> 19 | U8: =AC8*15 -> 210 | V8: =AE8-Z8*15 -> 90 | W8: =U8+V8 -> 300 | X8: 2025 | Y8: HR-001 | AA8: =VLOOKUP(C8,餐补次数!$C$2:$D$17,2,0) -> 5 | AC8: =T8-AA8-AB8 -> 14 | AD8: =VLOOKUP(C8,餐补次数!$R$2:$S$150,2,0) -> 6 | AE8: =AD8*15 -> 90 | AF8: =U8+AE8-Z8*15 -> 300
A9: 165643 | B9: 综合管理部（研发） | C9: 郑佳男 | D9: 主管 | E9: 2月 | N9: =SUM(G9:M9) -> 0 | S9: 19 | T9: =S9-N9 -> 19 | U9: =AC9*15 -> 285 | V9: =AE9-Z9*15 -> 150 | W9: =U9+V9 -> 435 | X9: 2025 | Y9: HR-001 | AC9: =T9-AA9-AB9 -> 19 | AD9: =VLOOKUP(C9,餐补次数!$R$2:$S$150,2,0) -> 10 | AE9: =AD9*15 -> 150 | AF9: =U9+AE9-Z9*15 -> 435
A10: 165644 | B10: 产品标准化管理部 | C10: 张燕 | D10: 体系工程师(PLM) | E10: 2月 | M10: 1 | N10: =SUM(G10:M10) -> 1 | S10: 19 | T10: =S10-N10 -> 18 | U10: =AC10*15 -> 240 | V10: =AE10-Z10*15 -> 60 | W10: =U10+V10 -> 300 | X10: 2025 | Y10: HR-001 | AB10: =VLOOKUP(C10,餐补次数!$H$2:$I$100,2,0) -> 2 | AC10: =T10-AA10-AB10 -> 16 | AD10: =VLOOKUP(C10,餐补次数!$R$2:$S$150,2,0) -> 4 | AE10: =AD10*15 -> 60 | AF10: =U10+AE10-Z10*15 -> 300
A11: 165645 | B11: 综合管理部（研发） | C11: 方璐 | D11: 综合事务主管 | E11: 2月 | N11: =SUM(G11:M11) -> 0 | S11: 19 | T11: =S11-N11 -> 19 | U11: =AC11*15 -> 285 | V11: =AE11-Z11*15 -> 0 | W11: =U11+V11 -> 285 | X11: 2025 | Y11: HR-001 | AC11: =T11-AA11-AB11 -> 19 | AD11: 0 | AE11: =AD11*15 -> 0 | AF11: =U11+AE11-Z11*15 -> 285
A12: 165646 | B12: 产品测试部 | C12: 杨坤 | D12: 主管 | E12: 2月 | N12: =SUM(G12:M12) -> 0 | S12: 19 | T12: =S12-N12 -> 19 | U12: =AC12*15 -> 277.5 | V12: =AE12-Z12*15 -> 135 | W12: =U12+V12 -> 412.5 | X12: 2025 | Y12: HR-001 | AB12: =VLOOKUP(C12,餐补次数!$H$2:$I$100,2,0) -> 0.5 | AC12: =T12-AA12-AB12 -> 18.5 | AD12: =VLOOKUP(C12,餐补次数!$R$2:$S$150,2,0) -> 9 | AE12: =AD12*15 -> 135 | AF12: =U12+AE12-Z12*15 -> 412.5
A13: 165647 | B13: 产品测试部 | C13: 陆巧玲 | D13: 部门副经理（主持工作） | E13: 2月 | N13: =SUM(G13:M13) -> 0 | S13: 19 | T13: =S13-N13 -> 19 | U13: =AC13*15 -> 285 | V13: =AE13-Z13*15 -> 105 | W13: =U13+V13 -> 390 | X13: 2025 | Y13: HR-001 | AC13: =T13-AA13-AB13 -> 19 | AD13: =VLOOKUP(C13,餐补次数!$R$2:$S$150,2,0) -> 7 | AE13: =AD13*15 -> 105 | AF13: =U13+AE13-Z13*15 -> 390
A14: 165648 | B14: 产品测试部 | C14: 张欠欠 | D14: 产品测试工程师 | E14: 2月 | N14: =SUM(G14:M14) -> 0 | S14: 19 | T14: =S14-N14 -> 19 | U14: =AC14*15 -> 285 | V14: =AE14-Z14*15 -> 60 | W14: =U14+V14 -> 345 | X14: 2025 | Y14: HR-001 | AC14: =T14-AA14-AB14 -> 19 | AD14: =VLOOKUP(C14,餐补次数!$R$2:$S$150,2,0) -> 4 | AE14: =AD14*15 -> 60 | AF14: =U14+AE14-Z14*15 -> 345
A15: 165649 | B15: 产品测试部 | C15: 李芳 | D15: 产品测试工程师 | E15: 2月 | N15: =SUM(G15:M15) -> 0 | S15: 19 | T15: =S15-N15 -> 19 | U15: =AC15*15 -> 277.5 | V15: =AE15-Z15*15 -> 135 | W15: =U15+V15 -> 412.5 | X15: 2025 | Y15: HR-001 | AB15: =VLOOKUP(C15,餐补次数!$H$2:$I$100,2,0) -> 0.5 | AC15: =T15-AA15-AB15 -> 18.5 | AD15: =VLOOKUP(C15,餐补次数!$R$2:$S$150,2,0) -> 9 | AE15: =AD15*15 -> 135 | AF15: =U15+AE15-Z15*15 -> 412.5
A16: 165650 | B16: 产品测试部 | C16: 曹超 | D16: 测试工程师 | E16: 2月 | N16: =SUM(G16:M16) -> 0 | S16: 19 | T16: =S16-N16 -> 19 | U16: =AC16*15 -> 270 | V16: =AE16-Z16*15 -> 120 | W16: =U16+V16 -> 390 | X16: 2025 | Y16: HR-001 | AB16: =VLOOKUP(C16,餐补次数!$H$2:$I$100,2,0) -> 1 | AC16: =T16-AA16-AB16 -> 18 | AD16: =VLOOKUP(C16,餐补次数!$R$2:$S$150,2,0) -> 8 | AE16: =AD16*15 -> 120 | AF16: =U16+AE16-Z16*15 -> 390
A17: 165652 | B17: 产品测试部 | C17: 黄杨蕊 | D17: 测试工程师 | E17: 2月 | N17: =SUM(G17:M17) -> 0 | S17: 19 | T17: =S17-N17 -> 19 | U17: =AC17*15 -> 255 | V17: =AE17-Z17*15 -> 90 | W17: =U17+V17 -> 345 | X17: 2025 | Y17: HR-001 | AB17: =VLOOKUP(C17,餐补次数!$H$2:$I$100,2,0) -> 2 | AC17: =T17-AA17-AB17 -> 17 | AD17: =VLOOKUP(C17,餐补次数!$R$2:$S$150,2,0) -> 6 | AE17: =AD17*15 -> 90 | AF17: =U17+AE17-Z17*15 -> 345
A18: 165653 | B18: 产品测试部 | C18: 杨雨晨 | D18: 测试工程师 | E18: 2月 | N18: =SUM(G18:M18) -> 0 | S18: 19 | T18: =S18-N18 -> 19 | U18: =AC18*15 -> 270 | V18: =AE18-Z18*15 -> 105 | W18: =U18+V18 -> 375 | X18: 2025 | Y18: HR-001 | AB18: =VLOOKUP(C18,餐补次数!$H$2:$I$100,2,0) -> 1 | AC18: =T18-AA18-AB18 -> 18 | AD18: =VLOOKUP(C18,餐补次数!$R$2:$S$150,2,0) -> 7 | AE18: =AD18*15 -> 105 | AF18: =U18+AE18-Z18*15 -> 375
A19: 165655 | B19: 产品测试部 | C19: 周逸轩 | D19: 测试工程师 | E19: 2月 | N19: =SUM(G19:M19) -> 0 | S19: 19 | T19: =S19-N19 -> 19 | U19: =AC19*15 -> 277.5 | V19: =AE19-Z19*15 -> 112.5 | W19: =U19+V19 -> 390 | X19: 2025 | Y19: HR-001 | AB19: =VLOOKUP(C19,餐补次数!$H$2:$I$100,2,0) -> 0.5 | AC19: =T19-AA19-AB19 -> 18.5 | AD19: =VLOOKUP(C19,餐补次数!$R$2:$S$150,2,0) -> 7.5 | AE19: =AD19*15 -> 112.5 | AF19: =U19+AE19-Z19*15 -> 390
A20: 165656 | B20: 产品测试部 | C20: 陈远发 | D20: 测试工程师 | E20: 2月 | N20: =SUM(G20:M20) -> 0 | S20: 19 | T20: =S20-N20 -> 19 | U20: =AC20*15 -> 285 | V20: =AE20-Z20*15 -> 120 | W20: =U20+V20 -> 405 | X20: 2025 | Y20: HR-001 | AC20: =T20-AA20-AB20 -> 19 | AD20: =VLOOKUP(C20,餐补次数!$R$2:$S$150,2,0) -> 8 | AE20: =AD20*15 -> 120 | AF20: =U20+AE20-Z20*15 -> 405
A21: 165657 | B21: 产品测试部 | C21: 边皖佳 | D21: 测试工程师 | E21: 2月 | N21: =SUM(G21:M21) -> 0 | S21: 19 | T21: =S21-N21 -> 19 | U21: =AC21*15 -> 285 | V21: =AE21-Z21*15 -> 105 | W21: =U21+V21 -> 390 | X21: 2025 | Y21: HR-001 | AC21: =T21-AA21-AB21 -> 19 | AD21: =VLOOKUP(C21,餐补次数!$R$2:$S$150,2,0) -> 7 | AE21: =AD21*15 -> 105 | AF21: =U21+AE21-Z21*15 -> 390
A22: 165658 | B22: 产品测试部 | C22: 张培强 | D22: 测试工程师 | E22: 2月 | N22: =SUM(G22:M22) -> 0 | S22: 19 | T22: =S22-N22 -> 19 | U22: =AC22*15 -> 285 | V22: =AE22-Z22*15 -> 90 | W22: =U22+V22 -> 375 | X22: 2025 | Y22: HR-001 | AC22: =T22-AA22-AB22 -> 19 | AD22: =VLOOKUP(C22,餐补次数!$R$2:$S$150,2,0) -> 6 | AE22: =AD22*15 -> 90 | AF22: =U22+AE22-Z22*15 -> 375
A23: 165659 | B23: 产品测试部 | C23: 李旭 | D23: 测试工程师 | E23: 2月 | N23: =SUM(G23:M23) -> 0 | S23: 19 | T23: =S23-N23 -> 19 | U23: =AC23*15 -> 270 | V23: =AE23-Z23*15 -> 157.5 | W23: =U23+V23 -> 427.5 | X23: 2025 | Y23: HR-001 | AB23: =VLOOKUP(C23,餐补次数!$H$2:$I$100,2,0) -> 1 | AC23: =T23-AA23-AB23 -> 18 | AD23: =VLOOKUP(C23,餐补次数!$R$2:$S$150,2,0) -> 10.5 | AE23: =AD23*15 -> 157.5 | AF23: =U23+AE23-Z23*15 -> 427.5
A24: 165660 | B24: 产品测试部 | C24: 吴鑫卓 | D24: 测试工程师 | E24: 2月 | N24: =SUM(G24:M24) -> 0 | S24: 19 | T24: =S24-N24 -> 19 | U24: =AC24*15 -> 240 | V24: =AE24-Z24*15 -> 135 | W24: =U24+V24 -> 375 | X24: 2025 | Y24: HR-001 | AB24: =VLOOKUP(C24,餐补次数!$H$2:$I$100,2,0) -> 3 | AC24: =T24-AA24-AB24 -> 16 | AD24: =VLOOKUP(C24,餐补次数!$R$2:$S$150,2,0) -> 9 | AE24: =AD24*15 -> 135 | AF24: =U24+AE24-Z24*15 -> 375
A25: 165661 | B25: 产品测试部 | C25: 秦文近 | D25: 测试工程师 | E25: 2月 | N25: =SUM(G25:M25) -> 0 | S25: 19 | T25: =S25-N25 -> 19 | U25: =AC25*15 -> 210 | V25: =AE25-Z25*15 -> 82.5 | W25: =U25+V25 -> 292.5 | X25: 2025 | Y25: HR-001 | AB25: =VLOOKUP(C25,餐补次数!$H$2:$I$100,2,0) -> 5 | AC25: =T25-AA25-AB25 -> 14 | AD25: =VLOOKUP(C25,餐补次数!$R$2:$S$150,2,0) -> 5.5 | AE25: =AD25*15 -> 82.5 | AF25: =U25+AE25-Z25*15 -> 292.5
A26: 165662 | B26: 产品测试部 | C26: 王银军 | D26: 测试工程师 | E26: 2月 | N26: =SUM(G26:M26) -> 0 | S26: 19 | T26: =S26-N26 -> 19 | U26: =AC26*15 -> 285 | V26: =AE26-Z26*15 -> 105 | W26: =U26+V26 -> 390 | X26: 2025 | Y26: HR-001 | AC26: =T26-AA26-AB26 -> 19 | AD26: =VLOOKUP(C26,餐补次数!$R$2:$S$150,2,0) -> 7 | AE26: =AD26*15 -> 105 | AF26: =U26+AE26-Z26*15 -> 390
A27: 165663 | B27: 产品测试部 | C27: 余乐 | D27: 测试工程师 | E27: 2月 | N27: =SUM(G27:M27) -> 0 | S27: 19 | T27: =S27-N27 -> 19 | U27: =AC27*15 -> 285 | V27: =AE27-Z27*15 -> 105 | W27: =U27+V27 -> 390 | X27: 2025 | Y27: HR-001 | AC27: =T27-AA27-AB27 -> 19 | AD27: =VLOOKUP(C27,餐补次数!$R$2:$S$150,2,0) -> 7 | AE27: =AD27*15 -> 105 | AF27: =U27+AE27-Z27*15 -> 390
A28: 165665 | B28: 产品工程部 | C28: 孙伟 | D28: 部门副经理 | E28: 2月 | N28: =SUM(G28:M28) -> 0 | S28: 19 | T28: =S28-N28 -> 19 | U28: =AC28*15 -> 277.5 | V28: =AE28-Z28*15 -> 105 | W28: =U28+V28 -> 382.5 | X28: 2025 | Y28: HR-001 | AB28: =VLOOKUP(C28,餐补次数!$H$2:$I$100,2,0) -> 0.5 | AC28: =T28-AA28-AB28 -> 18.5 | AD28: =VLOOKUP(C28,餐补次数!$R$2:$S$150,2,0) -> 7 | AE28: =AD28*15 -> 105 | AF28: =U28+AE28-Z28*15 -> 382.5
A29: 165666 | B29: 产品工程部 | C29: 翁宋兵 | D29: 运维工程师 | E29: 2月 | N29: =SUM(G29:M29) -> 0 | S29: 19 | T29: =S29-N29 -> 19 | U29: =AC29*15 -> 277.5 | V29: =AE29-Z29*15 -> 45 | W29: =U29+V29 -> 322.5 | X29: 2025 | Y29: HR-001 | AB29: =VLOOKUP(C29,餐补次数!$H$2:$I$100,2,0) -> 0.5 | AC29: =T29-AA29-AB29 -> 18.5 | AD29: =VLOOKUP(C29,餐补次数!$R$2:$S$150,2,0) -> 3 | AE29: =AD29*15 -> 45 | AF29: =U29+AE29-Z29*15 -> 322.5
A30: 165922 | B30: 产品管理部 | C30: 楼晓丽 | D30: 产品经理 | E30: 2月 | N30: =SUM(G30:M30) -> 0 | S30: 19 | T30: =S30-N30 -> 19 | U30: =AC30*15 -> 285 | V30: =AE30-Z30*15 -> 30 | W30: =U30+V30 -> 315 | X30: 2025 | Y30: HR-001 | AC30: =T30-AA30-AB30 -> 19 | AD30: =VLOOKUP(C30,餐补次数!$R$2:$S$150,2,0) -> 2 | AE30: =AD30*15 -> 30 | AF30: =U30+AE30-Z30*15 -> 315
A31: 165923 | B31: 产品管理部 | C31: 戴梦莹 | D31: 主管 | E31: 2月 | N31: =SUM(G31:M31) -> 0 | S31: 19 | T31: =S31-N31 -> 19 | U31: =AC31*15 -> 270 | V31: =AE31-Z31*15 -> 90 | W31: =U31+V31 -> 360 | X31: 2025 | Y31: HR-001 | AA31: =VLOOKUP(C31,餐补次数!$C$2:$D$17,2,0) -> 1 | AC31: =T31-AA31-AB31 -> 18 | AD31: =VLOOKUP(C31,餐补次数!$R$2:$S$150,2,0) -> 6 | AE31: =AD31*15 -> 90 | AF31: =U31+AE31-Z31*15 -> 360
A32: 165924 | B32: 产品管理部 | C32: 孙倩 | D32: 产品专员 | E32: 2月 | N32: =SUM(G32:M32) -> 0 | S32: 19 | T32: =S32-N32 -> 19 | U32: =AC32*15 -> 285 | V32: =AE32-Z32*15 -> 105 | W32: =U32+V32 -> 390 | X32: 2025 | Y32: HR-001 | AC32: =T32-AA32-AB32 -> 19 | AD32: =VLOOKUP(C32,餐补次数!$R$2:$S$150,2,0) -> 7 | AE32: =AD32*15 -> 105 | AF32: =U32+AE32-Z32*15 -> 390
A33: 165925 | B33: 产品管理部 | C33: 张景雲 | D33: 产品专员 | E33: 2月 | N33: =SUM(G33:M33) -> 0 | S33: 19 | T33: =S33-N33 -> 19 | U33: =AC33*15 -> 270 | V33: =AE33-Z33*15 -> 105 | W33: =U33+V33 -> 375 | X33: 2025 | Y33: HR-001 | AB33: =VLOOKUP(C33,餐补次数!$H$2:$I$100,2,0) -> 1 | AC33: =T33-AA33-AB33 -> 18 | AD33: =VLOOKUP(C33,餐补次数!$R$2:$S$150,2,0) -> 7 | AE33: =AD33*15 -> 105 | AF33: =U33+AE33-Z33*15 -> 375
A34: 166256 | B34: 项目管理部 | C34: 王鹏飞 | D34: 项目经理 | E34: 2月 | N34: =SUM(G34:M34) -> 0 | S34: 19 | T34: =S34-N34 -> 19 | U34: =AC34*15 -> 285 | V34: =AE34-Z34*15 -> 165 | W34: =U34+V34 -> 450 | X34: 2025 | Y34: HR-001 | AC34: =T34-AA34-AB34 -> 19 | AD34: =VLOOKUP(C34,餐补次数!$R$2:$S$150,2,0) -> 11 | AE34: =AD34*15 -> 165 | AF34: =U34+AE34-Z34*15 -> 450
A35: 166257 | B35: 项目管理部 | C35: 楚旭 | D35: 体系工程师 | E35: 2月 | N35: =SUM(G35:M35) -> 0 | S35: 19 | T35: =S35-N35 -> 19 | U35: =AC35*15 -> 285 | V35: =AE35-Z35*15 -> 90 | W35: =U35+V35 -> 375 | X35: 2025 | Y35: HR-001 | AC35: =T35-AA35-AB35 -> 19 | AD35: =VLOOKUP(C35,餐补次数!$R$2:$S$150,2,0) -> 6 | AE35: =AD35*15 -> 90 | AF35: =U35+AE35-Z35*15 -> 375
A36: 166258 | B36: 项目管理部 | C36: 干然草 | D36: 项目经理 | E36: 2月 | N36: =SUM(G36:M36) -> 0 | S36: 19 | T36: =S36-N36 -> 19 | U36: =AC36*15 -> 270 | V36: =AE36-Z36*15 -> 90 | W36: =U36+V36 -> 360 | X36: 2025 | Y36: HR-001 | AB36: =VLOOKUP(C36,餐补次数!$H$2:$I$100,2,0) -> 1 | AC36: =T36-AA36-AB36 -> 18 | AD36: =VLOOKUP(C36,餐补次数!$R$2:$S$150,2,0) -> 6 | AE36: =AD36*15 -> 90 | AF36: =U36+AE36-Z36*15 -> 360
A37: 166259 | B37: 项目管理部 | C37: 刘丽 | D37: 项目经理 | E37: 2月 | N37: =SUM(G37:M37) -> 0 | S37: 19 | T37: =S37-N37 -> 19 | U37: =AC37*15 -> 285 | V37: =AE37-Z37*15 -> 120 | W37: =U37+V37 -> 405 | X37: 2025 | Y37: HR-001 | AC37: =T37-AA37-AB37 -> 19 | AD37: =VLOOKUP(C37,餐补次数!$R$2:$S$150,2,0) -> 8 | AE37: =AD37*15 -> 120 | AF37: =U37+AE37-Z37*15 -> 405
A38: 166260 | B38: 项目管理部 | C38: 李林翰 | D38: 项目助理 | E38: 2月 | N38: =SUM(G38:M38) -> 0 | S38: 19 | T38: =S38-N38 -> 19 | U38: =AC38*15 -> 270 | V38: =AE38-Z38*15 -> 90 | W38: =U38+V38 -> 360 | X38: 2025 | Y38: HR-001 | AB38: =VLOOKUP(C38,餐补次数!$H$2:$I$100,2,0) -> 1 | AC38: =T38-AA38-AB38 -> 18 | AD38: =VLOOKUP(C38,餐补次数!$R$2:$S$150,2,0) -> 6 | AE38: =AD38*15 -> 90 | AF38: =U38+AE38-Z38*15 -> 360
A39: 166444 | B39: 水表技术研究部 | C39: 赵继宝 | D39: 嵌入式软件工程师 | E39: 2月 | N39: =SUM(G39:M39) -> 0 | S39: 19 | T39: =S39-N39 -> 19 | U39: =AC39*15 -> 270 | V39: =AE39-Z39*15 -> 180 | W39: =U39+V39 -> 450 | X39: 2025 | Y39: HR-001 | AB39: =VLOOKUP(C39,餐补次数!$H$2:$I$100,2,0) -> 1 | AC39: =T39-AA39-AB39 -> 18 | AD39: =VLOOKUP(C39,餐补次数!$R$2:$S$150,2,0) -> 12 | AE39: =AD39*15 -> 180 | AF39: =U39+AE39-Z39*15 -> 450
A40: 166445 | B40: 水表技术研究部 | C40: 崔康 | D40: 结构设计工程师 | E40: 2月 | N40: =SUM(G40:M40) -> 0 | S40: 19 | T40: =S40-N40 -> 19 | U40: =AC40*15 -> 285 | V40: =AE40-Z40*15 -> 120 | W40: =U40+V40 -> 405 | X40: 2025 | Y40: HR-001 | AC40: =T40-AA40-AB40 -> 19 | AD40: =VLOOKUP(C40,餐补次数!$R$2:$S$150,2,0) -> 8 | AE40: =AD40*15 -> 120 | AF40: =U40+AE40-Z40*15 -> 405
A41: 166446 | B41: 水表技术研究部 | C41: 吴双 | D41: 测试工程师 | E41: 2月 | N41: =SUM(G41:M41) -> 0 | S41: 19 | T41: =S41-N41 -> 19 | U41: =AC41*15 -> 285 | V41: =AE41-Z41*15 -> 120 | W41: =U41+V41 -> 405 | X41: 2025 | Y41: HR-001 | AC41: =T41-AA41-AB41 -> 19 | AD41: =VLOOKUP(C41,餐补次数!$R$2:$S$150,2,0) -> 8 | AE41: =AD41*15 -> 120 | AF41: =U41+AE41-Z41*15 -> 405
A42: 166447 | B42: 水表技术研究部 | C42: 王威 | D42: 测试工程师 | E42: 2月 | N42: =SUM(G42:M42) -> 0 | S42: 19 | T42: =S42-N42 -> 19 | U42: =AC42*15 -> 285 | V42: =AE42-Z42*15 -> 75 | W42: =U42+V42 -> 360 | X42: 2025 | Y42: HR-001 | AC42: =T42-AA42-AB42 -> 19 | AD42: =VLOOKUP(C42,餐补次数!$R$2:$S$150,2,0) -> 5 | AE42: =AD42*15 -> 75 | AF42: =U42+AE42-Z42*15 -> 360
A43: 166448 | B43: 水表技术研究部 | C43: 旷世麟 | D43: 硬件工程师 | E43: 2月 | N43: =SUM(G43:M43) -> 0 | S43: 19 | T43: =S43-N43 -> 19 | U43: =AC43*15 -> 270 | V43: =AE43-Z43*15 -> 105 | W43: =U43+V43 -> 375 | X43: 2025 | Y43: HR-001 | AB43: =VLOOKUP(C43,餐补次数!$H$2:$I$100,2,0) -> 1 | AC43: =T43-AA43-AB43 -> 18 | AD43: =VLOOKUP(C43,餐补次数!$R$2:$S$150,2,0) -> 7 | AE43: =AD43*15 -> 105 | AF43: =U43+AE43-Z43*15 -> 375
A44: 166449 | B44: 硬件开发部 | C44: 李亚亮 | D44: 硬件开发工程师 | E44: 2月 | N44: =SUM(G44:M44) -> 0 | S44: 19 | T44: =S44-N44 -> 19 | U44: =AC44*15 -> 285 | V44: =AE44-Z44*15 -> 165 | W44: =U44+V44 -> 450 | X44: 2025 | Y44: HR-001 | AC44: =T44-AA44-AB44 -> 19 | AD44: =VLOOKUP(C44,餐补次数!$R$2:$S$150,2,0) -> 11 | AE44: =AD44*15 -> 165 | AF44: =U44+AE44-Z44*15 -> 450
A45: 166450 | B45: 硬件开发部 | C45: 冯瀚 | D45: 部门副经理（主持工作） | E45: 2月 | N45: =SUM(G45:M45) -> 0 | S45: 19 | T45: =S45-N45 -> 19 | U45: =AC45*15 -> 262.5 | V45: =AE45-Z45*15 -> 165 | W45: =U45+V45 -> 427.5 | X45: 2025 | Y45: HR-001 | AA45: =VLOOKUP(C45,餐补次数!$C$2:$D$17,2,0) -> 1 | AB45: =VLOOKUP(C45,餐补次数!$H$2:$I$100,2,0) -> 0.5 | AC45: =T45-AA45-AB45 -> 17.5 | AD45: =VLOOKUP(C45,餐补次数!$R$2:$S$150,2,0) -> 11 | AE45: =AD45*15 -> 165 | AF45: =U45+AE45-Z45*15 -> 427.5
A46: 166451 | B46: 硬件开发部 | C46: 李男 | D46: 硬件开发工程师 | E46: 2月 | N46: =SUM(G46:M46) -> 0 | S46: 19 | T46: =S46-N46 -> 19 | U46: =AC46*15 -> 285 | V46: =AE46-Z46*15 -> 165 | W46: =U46+V46 -> 450 | X46: 2025 | Y46: HR-001 | AC46: =T46-AA46-AB46 -> 19 | AD46: =VLOOKUP(C46,餐补次数!$R$2:$S$150,2,0) -> 11 | AE46: =AD46*15 -> 165 | AF46: =U46+AE46-Z46*15 -> 450
A47: 166452 | B47: 硬件开发部 | C47: 金永利 | D47: 硬件开发工程师 | E47: 2月 | N47: =SUM(G47:M47) -> 0 | S47: 19 | T47: =S47-N47 -> 19 | U47: =AC47*15 -> 270 | V47: =AE47-Z47*15 -> 165 | W47: =U47+V47 -> 435 | X47: 2025 | Y47: HR-001 | AA47: =VLOOKUP(C47,餐补次数!$C$2:$D$17,2,0) -> 1 | AC47: =T47-AA47-AB47 -> 18 | AD47: =VLOOKUP(C47,餐补次数!$R$2:$S$150,2,0) -> 11 | AE47: =AD47*15 -> 165 | AF47: =U47+AE47-Z47*15 -> 435
A48: 166453 | B48: 硬件开发部 | C48: 祝艳婷 | D48: 硬件开发工程师 | E48: 2月 | N48: =SUM(G48:M48) -> 0 | S48: 19 | T48: =S48-N48 -> 19 | U48: =AC48*15 -> 285 | V48: =AE48-Z48*15 -> 90 | W48: =U48+V48 -> 375 | X48: 2025 | Y48: HR-001 | AC48: =T48-AA48-AB48 -> 19 | AD48: =VLOOKUP(C48,餐补次数!$R$2:$S$150,2,0) -> 6 | AE48: =AD48*15 -> 90 | AF48: =U48+AE48-Z48*15 -> 375
A49: 166454 | B49: 硬件开发部 | C49: 黄驰洋 | D49: 硬件开发工程师 | E49: 2月 | N49: =SUM(G49:M49) -> 0 | S49: 19 | T49: =S49-N49 -> 19 | U49: =AC49*15 -> 255 | V49: =AE49-Z49*15 -> 120 | W49: =U49+V49 -> 375 | X49: 2025 | Y49: HR-001 | AB49: =VLOOKUP(C49,餐补次数!$H$2:$I$100,2,0) -> 2 | AC49: =T49-AA49-AB49 -> 17 | AD49: =VLOOKUP(C49,餐补次数!$R$2:$S$150,2,0) -> 8 | AE49: =AD49*15 -> 120 | AF49: =U49+AE49-Z49*15 -> 375
A50: 166455 | B50: 硬件开发部 | C50: 范鹏翔 | D50: 硬件开发工程师 | E50: 2月 | N50: =SUM(G50:M50) -> 0 | S50: 19 | T50: =S50-N50 -> 19 | U50: =AC50*15 -> 285 | V50: =AE50-Z50*15 -> 210 | W50: =U50+V50 -> 495 | X50: 2025 | Y50: HR-001 | AC50: =T50-AA50-AB50 -> 19 | AD50: =VLOOKUP(C50,餐补次数!$R$2:$S$150,2,0) -> 14 | AE50: =AD50*15 -> 210 | AF50: =U50+AE50-Z50*15 -> 495
A51: 166456 | B51: 硬件开发部 | C51: 朱亚垒 | D51: 硬件开发工程师 | E51: 2月 | N51: =SUM(G51:M51) -> 0 | S51: 19 | T51: =S51-N51 -> 19 | U51: =AC51*15 -> 255 | V51: =AE51-Z51*15 -> 135 | W51: =U51+V51 -> 390 | X51: 2025 | Y51: HR-001 | AB51: =VLOOKUP(C51,餐补次数!$H$2:$I$100,2,0) -> 2 | AC51: =T51-AA51-AB51 -> 17 | AD51: =VLOOKUP(C51,餐补次数!$R$2:$S$150,2,0) -> 9 | AE51: =AD51*15 -> 135 | AF51: =U51+AE51-Z51*15 -> 390
A52: 166457 | B52: 硬件开发部 | C52: 马振斌 | D52: 硬件开发工程师 | E52: 2月 | N52: =SUM(G52:M52) -> 0 | S52: 19 | T52: =S52-N52 -> 19 | U52: =AC52*15 -> 270 | V52: =AE52-Z52*15 -> 105 | W52: =U52+V52 -> 375 | X52: 2025 | Y52: HR-001 | AB52: =VLOOKUP(C52,餐补次数!$H$2:$I$100,2,0) -> 1 | AC52: =T52-AA52-AB52 -> 18 | AD52: =VLOOKUP(C52,餐补次数!$R$2:$S$150,2,0) -> 7 | AE52: =AD52*15 -> 105 | AF52: =U52+AE52-Z52*15 -> 375
A53: 166458 | B53: 硬件开发部 | C53: 习津涛 | D53: 硬件开发工程师 | E53: 2月 | N53: =SUM(G53:M53) -> 0 | S53: 19 | T53: =S53-N53 -> 19 | U53: =AC53*15 -> 262.5 | V53: =AE53-Z53*15 -> 120 | W53: =U53+V53 -> 382.5 | X53: 2025 | Y53: HR-001 | AB53: =VLOOKUP(C53,餐补次数!$H$2:$I$100,2,0) -> 1.5 | AC53: =T53-AA53-AB53 -> 17.5 | AD53: =VLOOKUP(C53,餐补次数!$R$2:$S$150,2,0) -> 8 | AE53: =AD53*15 -> 120 | AF53: =U53+AE53-Z53*15 -> 382.5
A54: 166459 | B54: 硬件开发部 | C54: 时慧玲 | D54: 硬件开发工程师 | E54: 2月 | N54: =SUM(G54:M54) -> 0 | S54: 19 | T54: =S54-N54 -> 19 | U54: =AC54*15 -> 270 | V54: =AE54-Z54*15 -> 97.5 | W54: =U54+V54 -> 367.5 | X54: 2025 | Y54: HR-001 | AB54: =VLOOKUP(C54,餐补次数!$H$2:$I$100,2,0) -> 1 | AC54: =T54-AA54-AB54 -> 18 | AD54: =VLOOKUP(C54,餐补次数!$R$2:$S$150,2,0) -> 6.5 | AE54: =AD54*15 -> 97.5 | AF54: =U54+AE54-Z54*15 -> 367.5
A55: 166460 | B55: 硬件开发部 | C55: 赵磊 | D55: 硬件开发工程师 | E55: 2月 | N55: =SUM(G55:M55) -> 0 | S55: 19 | T55: =S55-N55 -> 19 | U55: =AC55*15 -> 225 | V55: =AE55-Z55*15 -> 112.5 | W55: =U55+V55 -> 337.5 | X55: 2025 | Y55: HR-001 | AB55: =VLOOKUP(C55,餐补次数!$H$2:$I$100,2,0) -> 4 | AC55: =T55-AA55-AB55 -> 15 | AD55: =VLOOKUP(C55,餐补次数!$R$2:$S$150,2,0) -> 7.5 | AE55: =AD55*15 -> 112.5 | AF55: =U55+AE55-Z55*15 -> 337.5
A56: 166461 | B56: 结构开发部 | C56: 刘青 | D56: 部门副经理 | E56: 2月 | N56: =SUM(G56:M56) -> 0 | S56: 19 | T56: =S56-N56 -> 19 | U56: =AC56*15 -> 270 | V56: =AE56-Z56*15 -> 150 | W56: =U56+V56 -> 420 | X56: 2025 | Y56: HR-001 | AA56: =VLOOKUP(C56,餐补次数!$C$2:$D$17,2,0) -> 1 | AC56: =T56-AA56-AB56 -> 18 | AD56: =VLOOKUP(C56,餐补次数!$R$2:$S$150,2,0) -> 10 | AE56: =AD56*15 -> 150 | AF56: =U56+AE56-Z56*15 -> 420
A57: 166462 | B57: 结构开发部 | C57: 杨瀚 | D57: 主管 | E57: 2月 | N57: =SUM(G57:M57) -> 0 | S57: 19 | T57: =S57-N57 -> 19 | U57: =AC57*15 -> 285 | V57: =AE57-Z57*15 -> 150 | W57: =U57+V57 -> 435 | X57: 2025 | Y57: HR-001 | AC57: =T57-AA57-AB57 -> 19 | AD57: =VLOOKUP(C57,餐补次数!$R$2:$S$150,2,0) -> 10 | AE57: =AD57*15 -> 150 | AF57: =U57+AE57-Z57*15 -> 435
A58: 166464 | B58: 结构开发部 | C58: 杨善平 | D58: 部门副经理 | E58: 2月 | N58: =SUM(G58:M58) -> 0 | S58: 19 | T58: =S58-N58 -> 19 | U58: =AC58*15 -> 225 | V58: =AE58-Z58*15 -> 90 | W58: =U58+V58 -> 315 | X58: 2025 | Y58: HR-001 | AA58: =VLOOKUP(C58,餐补次数!$C$2:$D$17,2,0) -> 2 | AB58: =VLOOKUP(C58,餐补次数!$H$2:$I$100,2,0) -> 2 | AC58: =T58-AA58-AB58 -> 15 | AD58: =VLOOKUP(C58,餐补次数!$R$2:$S$150,2,0) -> 6 | AE58: =AD58*15 -> 90 | AF58: =U58+AE58-Z58*15 -> 315
A59: 166465 | B59: 结构开发部 | C59: 夏雨捷 | D59: 结构设计工程师 | E59: 2月 | N59: =SUM(G59:M59) -> 0 | S59: 19 | T59: =S59-N59 -> 19 | U59: 0 | V59: =AE59 -> 345 | W59: =U59+V59 -> 345 | X59: 2025 | Y59: HR-001 | AB59: =VLOOKUP(C59,餐补次数!$H$2:$I$100,2,0) -> 1 | AC59: =T59-AA59-AB59 -> 18 | AD59: =VLOOKUP(C59,餐补次数!$R$2:$S$150,2,0) -> 5 | AE59: =AD59*15+AC59*15 -> 345 | AF59: 345
A60: 166466 | B60: 结构开发部 | C60: 盛兴飞 | D60: 结构设计工程师 | E60: 2月 | N60: =SUM(G60:M60) -> 0 | S60: 19 | T60: =S60-N60 -> 19 | U60: =AC60*15 -> 285 | V60: =AE60-Z60*15 -> 105 | W60: =U60+V60 -> 390 | X60: 2025 | Y60: HR-001 | AC60: =T60-AA60-AB60 -> 19 | AD60: =VLOOKUP(C60,餐补次数!$R$2:$S$150,2,0) -> 7 | AE60: =AD60*15 -> 105 | AF60: =U60+AE60-Z60*15 -> 390
A61: 166467 | B61: 结构开发部 | C61: 李清范 | D61: 主管 | E61: 2月 | N61: =SUM(G61:M61) -> 0 | S61: 19 | T61: =S61-N61 -> 19 | U61: =AC61*15 -> 285 | V61: =AE61-Z61*15 -> 120 | W61: =U61+V61 -> 405 | X61: 2025 | Y61: HR-001 | AC61: =T61-AA61-AB61 -> 19 | AD61: =VLOOKUP(C61,餐补次数!$R$2:$S$150,2,0) -> 8 | AE61: =AD61*15 -> 120 | AF61: =U61+AE61-Z61*15 -> 405
A62: 166468 | B62: 结构开发部 | C62: 陈斌 | D62: 主管 | E62: 2月 | N62: =SUM(G62:M62) -> 0 | S62: 19 | T62: =S62-N62 -> 19 | U62: =AC62*15 -> 255 | V62: =AE62-Z62*15 -> 90 | W62: =U62+V62 -> 345 | X62: 2025 | Y62: HR-001 | AB62: =VLOOKUP(C62,餐补次数!$H$2:$I$100,2,0) -> 2 | AC62: =T62-AA62-AB62 -> 17 | AD62: =VLOOKUP(C62,餐补次数!$R$2:$S$150,2,0) -> 6 | AE62: =AD62*15 -> 90 | AF62: =U62+AE62-Z62*15 -> 345
A63: 166469 | B63: 结构开发部 | C63: 张华宝 | D63: 结构设计工程师 | E63: 2月 | N63: =SUM(G63:M63) -> 0 | S63: 19 | T63: =S63-N63 -> 19 | U63: =AC63*15 -> 285 | V63: =AE63-Z63*15 -> 135 | W63: =U63+V63 -> 420 | X63: 2025 | Y63: HR-001 | AC63: =T63-AA63-AB63 -> 19 | AD63: =VLOOKUP(C63,餐补次数!$R$2:$S$150,2,0) -> 9 | AE63: =AD63*15 -> 135 | AF63: =U63+AE63-Z63*15 -> 420
A64: 166470 | B64: 结构开发部 | C64: 桂志雄 | D64: 结构设计工程师 | E64: 2月 | N64: =SUM(G64:M64) -> 0 | S64: 19 | T64: =S64-N64 -> 19 | U64: =AC64*15 -> 285 | V64: =AE64-Z64*15 -> 105 | W64: =U64+V64 -> 390 | X64: 2025 | Y64: HR-001 | AC64: =T64-AA64-AB64 -> 19 | AD64: =VLOOKUP(C64,餐补次数!$R$2:$S$150,2,0) -> 7 | AE64: =AD64*15 -> 105 | AF64: =U64+AE64-Z64*15 -> 390
A65: 166471 | B65: 结构开发部 | C65: 陈为泽 | D65: 结构设计工程师 | E65: 2月 | N65: =SUM(G65:M65) -> 0 | S65: 19 | T65: =S65-N65 -> 19 | U65: =AC65*15 -> 277.5 | V65: =AE65-Z65*15 -> 105 | W65: =U65+V65 -> 382.5 | X65: 2025 | Y65: HR-001 | AB65: =VLOOKUP(C65,餐补次数!$H$2:$I$100,2,0) -> 0.5 | AC65: =T65-AA65-AB65 -> 18.5 | AD65: =VLOOKUP(C65,餐补次数!$R$2:$S$150,2,0) -> 7 | AE65: =AD65*15 -> 105 | AF65: =U65+AE65-Z65*15 -> 382.5
A66: 166472 | B66: 结构开发部 | C66: 范天星 | D66: 结构设计工程师 | E66: 2月 | N66: =SUM(G66:M66) -> 0 | S66: 19 | T66: =S66-N66 -> 19 | U66: =AC66*15 -> 285 | V66: =AE66-Z66*15 -> 90 | W66: =U66+V66 -> 375 | X66: 2025 | Y66: HR-001 | AC66: =T66-AA66-AB66 -> 19 | AD66: =VLOOKUP(C66,餐补次数!$R$2:$S$150,2,0) -> 6 | AE66: =AD66*15 -> 90 | AF66: =U66+AE66-Z66*15 -> 375
A67: 166473 | B67: 结构开发部 | C67: 骆剑 | D67: 结构设计工程师 | E67: 2月 | N67: =SUM(G67:M67) -> 0 | S67: 19 | T67: =S67-N67 -> 19 | U67: =AC67*15 -> 285 | V67: =AE67-Z67*15 -> 105 | W67: =U67+V67 -> 390 | X67: 2025 | Y67: HR-001 | AC67: =T67-AA67-AB67 -> 19 | AD67: =VLOOKUP(C67,餐补次数!$R$2:$S$150,2,0) -> 7 | AE67: =AD67*15 -> 105 | AF67: =U67+AE67-Z67*15 -> 390
A68: 166474 | B68: 平台架构设计部 | C68: 饶宝娃 | D68: 嵌软开发工程师 | E68: 2月 | N68: =SUM(G68:M68) -> 0 | S68: 19 | T68: =S68-N68 -> 19 | U68: =AC68*15 -> 285 | V68: =AE68-Z68*15 -> 105 | W68: =U68+V68 -> 390 | X68: 2025 | Y68: HR-001 | AC68: =T68-AA68-AB68 -> 19 | AD68: =VLOOKUP(C68,餐补次数!$R$2:$S$150,2,0) -> 7 | AE68: =AD68*15 -> 105 | AF68: =U68+AE68-Z68*15 -> 390
A69: 166475 | B69: 平台架构设计部 | C69: 李明 | D69: 嵌软开发工程师 | E69: 2月 | N69: =SUM(G69:M69) -> 0 | S69: 19 | T69: =S69-N69 -> 19 | U69: =AC69*15 -> 285 | V69: =AE69-Z69*15 -> 105 | W69: =U69+V69 -> 390 | X69: 2025 | Y69: HR-001 | AC69: =T69-AA69-AB69 -> 19 | AD69: =VLOOKUP(C69,餐补次数!$R$2:$S$150,2,0) -> 7 | AE69: =AD69*15 -> 105 | AF69: =U69+AE69-Z69*15 -> 390
A70: 166476 | B70: 平台架构设计部 | C70: 林杨杨 | D70: 嵌软开发工程师 | E70: 2月 | N70: =SUM(G70:M70) -> 0 | S70: 19 | T70: =S70-N70 -> 19 | U70: =AC70*15 -> 270 | V70: =AE70-Z70*15 -> 135 | W70: =U70+V70 -> 405 | X70: 2025 | Y70: HR-001 | AB70: =VLOOKUP(C70,餐补次数!$H$2:$I$100,2,0) -> 1 | AC70: =T70-AA70-AB70 -> 18 | AD70: =VLOOKUP(C70,餐补次数!$R$2:$S$150,2,0) -> 9 | AE70: =AD70*15 -> 135 | AF70: =U70+AE70-Z70*15 -> 405
A71: 166477 | B71: 平台架构设计部 | C71: 张泳 | D71: 主管 | E71: 2月 | N71: =SUM(G71:M71) -> 0 | S71: 19 | T71: =S71-N71 -> 19 | U71: =AC71*15 -> 285 | V71: =AE71-Z71*15 -> 105 | W71: =U71+V71 -> 390 | X71: 2025 | Y71: HR-001 | AC71: =T71-AA71-AB71 -> 19 | AD71: =VLOOKUP(C71,餐补次数!$R$2:$S$150,2,0) -> 7 | AE71: =AD71*15 -> 105 | AF71: =U71+AE71-Z71*15 -> 390
A72: 166478 | B72: 膜式气表软件开发部 | C72: 潘凌云 | D72: 嵌软开发工程师 | E72: 2月 | N72: =SUM(G72:M72) -> 0 | S72: 19 | T72: =S72-N72 -> 19 | U72: =AC72*15 -> 262.5 | V72: =AE72-Z72*15 -> 90 | W72: =U72+V72 -> 352.5 | X72: 2025 | Y72: HR-001 | AB72: =VLOOKUP(C72,餐补次数!$H$2:$I$100,2,0) -> 1.5 | AC72: =T72-AA72-AB72 -> 17.5 | AD72: =VLOOKUP(C72,餐补次数!$R$2:$S$150,2,0) -> 6 | AE72: =AD72*15 -> 90 | AF72: =U72+AE72-Z72*15 -> 352.5
A73: 166479 | B73: 膜式气表软件开发部 | C73: 刘高杰 | D73: 部门副经理（主持工作） | E73: 2月 | N73: =SUM(G73:M73) -> 0 | S73: 19 | T73: =S73-N73 -> 19 | U73: =AC73*15 -> 270 | V73: =AE73-Z73*15 -> 90 | W73: =U73+V73 -> 360 | X73: 2025 | Y73: HR-001 | AB73: =VLOOKUP(C73,餐补次数!$H$2:$I$100,2,0) -> 1 | AC73: =T73-AA73-AB73 -> 18 | AD73: =VLOOKUP(C73,餐补次数!$R$2:$S$150,2,0) -> 6 | AE73: =AD73*15 -> 90 | AF73: =U73+AE73-Z73*15 -> 360
A74: 166480 | B74: 膜式气表软件开发部 | C74: 张晟毓 | D74: 嵌软开发工程师 | E74: 2月 | N74: =SUM(G74:M74) -> 0 | S74: 19 | T74: =S74-N74 -> 19 | U74: =AC74*15 -> 255 | V74: =AE74-Z74*15 -> 90 | W74: =U74+V74 -> 345 | X74: 2025 | Y74: HR-001 | AB74: =VLOOKUP(C74,餐补次数!$H$2:$I$100,2,0) -> 2 | AC74: =T74-AA74-AB74 -> 17 | AD74: =VLOOKUP(C74,餐补次数!$R$2:$S$150,2,0) -> 6 | AE74: =AD74*15 -> 90 | AF74: =U74+AE74-Z74*15 -> 345
A75: 166481 | B75: 膜式气表软件开发部 | C75: 刘卓飞 | D75: 嵌软开发工程师 | E75: 2月 | N75: =SUM(G75:M75) -> 0 | S75: 19 | T75: =S75-N75 -> 19 | U75: =AC75*15 -> 285 | V75: =AE75-Z75*15 -> 90 | W75: =U75+V75 -> 375 | X75: 2025 | Y75: HR-001 | AC75: =T75-AA75-AB75 -> 19 | AD75: =VLOOKUP(C75,餐补次数!$R$2:$S$150,2,0) -> 6 | AE75: =AD75*15 -> 90 | AF75: =U75+AE75-Z75*15 -> 375
A76: 166482 | B76: 膜式气表软件开发部 | C76: 王晓雅 | D76: 嵌软开发工程师 | E76: 2月 | N76: =SUM(G76:M76) -> 0 | S76: 19 | T76: =S76-N76 -> 19 | U76: =AC76*15 -> 255 | V76: =AE76-Z76*15 -> 180 | W76: =U76+V76 -> 435 | X76: 2025 | Y76: HR-001 | AB76: =VLOOKUP(C76,餐补次数!$H$2:$I$100,2,0) -> 2 | AC76: =T76-AA76-AB76 -> 17 | AD76: =VLOOKUP(C76,餐补次数!$R$2:$S$150,2,0) -> 12 | AE76: =AD76*15 -> 180 | AF76: =U76+AE76-Z76*15 -> 435
A77: 166483 | B77: 膜式气表软件开发部 | C77: 王书浩 | D77: 嵌软开发工程师 | E77: 2月 | N77: =SUM(G77:M77) -> 0 | S77: 19 | T77: =S77-N77 -> 19 | U77: =AC77*15 -> 285 | V77: =AE77-Z77*15 -> 90 | W77: =U77+V77 -> 375 | X77: 2025 | Y77: HR-001 | AC77: =T77-AA77-AB77 -> 19 | AD77: =VLOOKUP(C77,餐补次数!$R$2:$S$150,2,0) -> 6 | AE77: =AD77*15 -> 90 | AF77: =U77+AE77-Z77*15 -> 375
A78: 166484 | B78: 膜式气表软件开发部 | C78: 徐晋 | D78: 嵌软开发工程师 | E78: 2月 | N78: =SUM(G78:M78) -> 0 | S78: 19 | T78: =S78-N78 -> 19 | U78: =AC78*15 -> 225 | V78: =AE78-Z78*15 -> 105 | W78: =U78+V78 -> 330 | X78: 2025 | Y78: HR-001 | AA78: =VLOOKUP(C78,餐补次数!$C$2:$D$17,2,0) -> 4 | AC78: =T78-AA78-AB78 -> 15 | AD78: =VLOOKUP(C78,餐补次数!$R$2:$S$150,2,0) -> 7 | AE78: =AD78*15 -> 105 | AF78: =U78+AE78-Z78*15 -> 330
A79: 166485 | B79: 超声气表软件开发部 | C79: 胡鑫鑫 | D79: 部门经理 | E79: 2月 | N79: =SUM(G79:M79) -> 0 | S79: 19 | T79: =S79-N79 -> 19 | U79: =AC79*15 -> 285 | V79: =AE79-Z79*15 -> 135 | W79: =U79+V79 -> 420 | X79: 2025 | Y79: HR-001 | AC79: =T79-AA79-AB79 -> 19 | AD79: =VLOOKUP(C79,餐补次数!$R$2:$S$150,2,0) -> 9 | AE79: =AD79*15 -> 135 | AF79: =U79+AE79-Z79*15 -> 420
A80: 166486 | B80: 超声气表软件开发部 | C80: 马力达 | D80: 嵌软组长 | E80: 2月 | N80: =SUM(G80:M80) -> 0 | S80: 19 | T80: =S80-N80 -> 19 | U80: =AC80*15 -> 285 | V80: =AE80-Z80*15 -> 105 | W80: =U80+V80 -> 390 | X80: 2025 | Y80: HR-001 | AC80: =T80-AA80-AB80 -> 19 | AD80: =VLOOKUP(C80,餐补次数!$R$2:$S$150,2,0) -> 7 | AE80: =AD80*15 -> 105 | AF80: =U80+AE80-Z80*15 -> 390
A81: 166487 | B81: 超声气表软件开发部 | C81: 徐雯 | D81: 主管 | E81: 2月 | N81: =SUM(G81:M81) -> 0 | S81: 19 | T81: =S81-N81 -> 19 | U81: =AC81*15 -> 262.5 | V81: =AE81-Z81*15 -> 30 | W81: =U81+V81 -> 292.5 | X81: 2025 | Y81: HR-001 | AB81: =VLOOKUP(C81,餐补次数!$H$2:$I$100,2,0) -> 1.5 | AC81: =T81-AA81-AB81 -> 17.5 | AD81: =VLOOKUP(C81,餐补次数!$R$2:$S$150,2,0) -> 2 | AE81: =AD81*15 -> 30 | AF81: =U81+AE81-Z81*15 -> 292.5
A82: 166488 | B82: 超声气表软件开发部 | C82: 邹立彬 | D82: 嵌软开发工程师 | E82: 2月 | N82: =SUM(G82:M82) -> 0 | S82: 19 | T82: =S82-N82 -> 19 | U82: =AC82*15 -> 285 | V82: =AE82-Z82*15 -> 135 | W82: =U82+V82 -> 420 | X82: 2025 | Y82: HR-001 | AC82: =T82-AA82-AB82 -> 19 | AD82: =VLOOKUP(C82,餐补次数!$R$2:$S$150,2,0) -> 9 | AE82: =AD82*15 -> 135 | AF82: =U82+AE82-Z82*15 -> 420
A83: 166489 | B83: 超声气表软件开发部 | C83: 吕许 | D83: 嵌软开发工程师 | E83: 2月 | N83: =SUM(G83:M83) -> 0 | S83: 19 | T83: =S83-N83 -> 19 | U83: =AC83*15 -> 270 | V83: =AE83-Z83*15 -> 90 | W83: =U83+V83 -> 360 | X83: 2025 | Y83: HR-001 | AB83: =VLOOKUP(C83,餐补次数!$H$2:$I$100,2,0) -> 1 | AC83: =T83-AA83-AB83 -> 18 | AD83: =VLOOKUP(C83,餐补次数!$R$2:$S$150,2,0) -> 6 | AE83: =AD83*15 -> 90 | AF83: =U83+AE83-Z83*15 -> 360
A84: 166490 | B84: 超声气表软件开发部 | C84: 林彬俊 | D84: 嵌软开发工程师 | E84: 2月 | N84: =SUM(G84:M84) -> 0 | S84: 19 | T84: =S84-N84 -> 19 | U84: =AC84*15 -> 277.5 | V84: =AE84-Z84*15 -> 105 | W84: =U84+V84 -> 382.5 | X84: 2025 | Y84: HR-001 | AB84: =VLOOKUP(C84,餐补次数!$H$2:$I$100,2,0) -> 0.5 | AC84: =T84-AA84-AB84 -> 18.5 | AD84: =VLOOKUP(C84,餐补次数!$R$2:$S$150,2,0) -> 7 | AE84: =AD84*15 -> 105 | AF84: =U84+AE84-Z84*15 -> 382.5
A85: 166491 | B85: 超声气表软件开发部 | C85: 杨涛 | D85: 主管 | E85: 2月 | N85: =SUM(G85:M85) -> 0 | S85: 19 | T85: =S85-N85 -> 19 | U85: =AC85*15 -> 285 | V85: =AE85-Z85*15 -> 90 | W85: =U85+V85 -> 375 | X85: 2025 | Y85: HR-001 | AC85: =T85-AA85-AB85 -> 19 | AD85: =VLOOKUP(C85,餐补次数!$R$2:$S$150,2,0) -> 6 | AE85: =AD85*15 -> 90 | AF85: =U85+AE85-Z85*15 -> 375
A86: 166492 | B86: 超声气表软件开发部 | C86: 杨卉卉 | D86: 嵌软开发工程师 | E86: 2月 | N86: =SUM(G86:M86) -> 0 | S86: 19 | T86: =S86-N86 -> 19 | U86: =AC86*15 -> 270 | V86: =AE86-Z86*15 -> 150 | W86: =U86+V86 -> 420 | X86: 2025 | Y86: HR-001 | AA86: =VLOOKUP(C86,餐补次数!$C$2:$D$17,2,0) -> 1 | AC86: =T86-AA86-AB86 -> 18 | AD86: =VLOOKUP(C86,餐补次数!$R$2:$S$150,2,0) -> 10 | AE86: =AD86*15 -> 150 | AF86: =U86+AE86-Z86*15 -> 420
A87: 166493 | B87: 超声气表软件开发部 | C87: 赵一龙 | D87: 嵌软开发工程师 | E87: 2月 | N87: =SUM(G87:M87) -> 0 | S87: 19 | T87: =S87-N87 -> 19 | U87: =AC87*15 -> 285 | V87: =AE87-Z87*15 -> 105 | W87: =U87+V87 -> 390 | X87: 2025 | Y87: HR-001 | AC87: =T87-AA87-AB87 -> 19 | AD87: =VLOOKUP(C87,餐补次数!$R$2:$S$150,2,0) -> 7 | AE87: =AD87*15 -> 105 | AF87: =U87+AE87-Z87*15 -> 390
A88: 166494 | B88: 超声气表软件开发部 | C88: 吕鹏 | D88: 嵌软开发工程师 | E88: 2月 | N88: =SUM(G88:M88) -> 0 | S88: 19 | T88: =S88-N88 -> 19 | U88: =AC88*15 -> 240 | V88: =AE88-Z88*15 -> 90 | W88: =U88+V88 -> 330 | X88: 2025 | Y88: HR-001 | AB88: =VLOOKUP(C88,餐补次数!$H$2:$I$100,2,0) -> 3 | AC88: =T88-AA88-AB88 -> 16 | AD88: =VLOOKUP(C88,餐补次数!$R$2:$S$150,2,0) -> 6 | AE88: =AD88*15 -> 90 | AF88: =U88+AE88-Z88*15 -> 330
A89: 166495 | B89: 超声气表软件开发部 | C89: 何政演 | D89: 嵌软开发工程师 | E89: 2月 | N89: =SUM(G89:M89) -> 0 | S89: 19 | T89: =S89-N89 -> 19 | U89: =AC89*15 -> 285 | V89: =AE89-Z89*15 -> 105 | W89: =U89+V89 -> 390 | X89: 2025 | Y89: HR-001 | AC89: =T89-AA89-AB89 -> 19 | AD89: =VLOOKUP(C89,餐补次数!$R$2:$S$150,2,0) -> 7 | AE89: =AD89*15 -> 105 | AF89: =U89+AE89-Z89*15 -> 390
A90: 166496 | B90: 超声气表软件开发部 | C90: 王文越 | D90: 嵌软开发工程师 | E90: 2月 | N90: =SUM(G90:M90) -> 0 | S90: 19 | T90: =S90-N90 -> 19 | U90: =AC90*15 -> 285 | V90: =AE90-Z90*15 -> 105 | W90: =U90+V90 -> 390 | X90: 2025 | Y90: HR-001 | AC90: =T90-AA90-AB90 -> 19 | AD90: =VLOOKUP(C90,餐补次数!$R$2:$S$150,2,0) -> 7 | AE90: =AD90*15 -> 105 | AF90: =U90+AE90-Z90*15 -> 390
A91: 166497 | B91: 工业控制器软件开发部 | C91: 金小平 | D91: 部门经理 | E91: 2月 | N91: =SUM(G91:M91) -> 0 | S91: 19 | T91: =S91-N91 -> 19 | U91: =AC91*15 -> 285 | V91: =AE91-Z91*15 -> 150 | W91: =U91+V91 -> 435 | X91: 2025 | Y91: HR-001 | AC91: =T91-AA91-AB91 -> 19 | AD91: =VLOOKUP(C91,餐补次数!$R$2:$S$150,2,0) -> 10 | AE91: =AD91*15 -> 150 | AF91: =U91+AE91-Z91*15 -> 435
A92: 166498 | B92: 工业控制器软件开发部 | C92: 郑俊龙 | D92: 嵌软开发工程师 | E92: 2月 | N92: =SUM(G92:M92) -> 0 | S92: 19 | T92: =S92-N92 -> 19 | U92: =AC92*15 -> 285 | V92: =AE92-Z92*15 -> 165 | W92: =U92+V92 -> 450 | X92: 2025 | Y92: HR-001 | AC92: =T92-AA92-AB92 -> 19 | AD92: =VLOOKUP(C92,餐补次数!$R$2:$S$150,2,0) -> 11 | AE92: =AD92*15 -> 165 | AF92: =U92+AE92-Z92*15 -> 450
A93: 166499 | B93: 工业控制器软件开发部 | C93: 李双龙 | D93: 嵌软开发工程师 | E93: 2月 | N93: =SUM(G93:M93) -> 0 | S93: 19 | T93: =S93-N93 -> 19 | U93: =AC93*15 -> 270 | V93: =AE93-Z93*15 -> 135 | W93: =U93+V93 -> 405 | X93: 2025 | Y93: HR-001 | AB93: =VLOOKUP(C93,餐补次数!$H$2:$I$100,2,0) -> 1 | AC93: =T93-AA93-AB93 -> 18 | AD93: =VLOOKUP(C93,餐补次数!$R$2:$S$150,2,0) -> 9 | AE93: =AD93*15 -> 135 | AF93: =U93+AE93-Z93*15 -> 405
A94: 166500 | B94: 工业控制器软件开发部 | C94: 张涛 | D94: 主管 | E94: 2月 | N94: =SUM(G94:M94) -> 0 | S94: 19 | T94: =S94-N94 -> 19 | U94: =AC94*15 -> 285 | V94: =AE94-Z94*15 -> 105 | W94: =U94+V94 -> 390 | X94: 2025 | Y94: HR-001 | AC94: =T94-AA94-AB94 -> 19 | AD94: =VLOOKUP(C94,餐补次数!$R$2:$S$150,2,0) -> 7 | AE94: =AD94*15 -> 105 | AF94: =U94+AE94-Z94*15 -> 390
A95: 166501 | B95: 工业控制器软件开发部 | C95: 周乐扬 | D95: 嵌软开发工程师 | E95: 2月 | N95: =SUM(G95:M95) -> 0 | S95: 19 | T95: =S95-N95 -> 19 | U95: =AC95*15 -> 285 | V95: =AE95-Z95*15 -> 105 | W95: =U95+V95 -> 390 | X95: 2025 | Y95: HR-001 | AC95: =T95-AA95-AB95 -> 19 | AD95: =VLOOKUP(C95,餐补次数!$R$2:$S$150,2,0) -> 7 | AE95: =AD95*15 -> 105 | AF95: =U95+AE95-Z95*15 -> 390
A96: 166502 | B96: 海外气表软件开发部 | C96: 陈旸 | D96: 嵌软工程师 | E96: 2月 | N96: =SUM(G96:M96) -> 0 | S96: 19 | T96: =S96-N96 -> 19 | U96: =AC96*15 -> 285 | V96: =AE96-Z96*15 -> 120 | W96: =U96+V96 -> 405 | X96: 2025 | Y96: HR-001 | AC96: =T96-AA96-AB96 -> 19 | AD96: =VLOOKUP(C96,餐补次数!$R$2:$S$150,2,0) -> 8 | AE96: =AD96*15 -> 120 | AF96: =U96+AE96-Z96*15 -> 405
A97: 166503 | B97: 海外气表软件开发部 | C97: 余书昊 | D97: 嵌软开发工程师 | E97: 2月 | N97: =SUM(G97:M97) -> 0 | S97: 19 | T97: =S97-N97 -> 19 | U97: =AC97*15 -> 285 | V97: =AE97-Z97*15 -> 120 | W97: =U97+V97 -> 405 | X97: 2025 | Y97: HR-001 | AC97: =T97-AA97-AB97 -> 19 | AD97: =VLOOKUP(C97,餐补次数!$R$2:$S$150,2,0) -> 8 | AE97: =AD97*15 -> 120 | AF97: =U97+AE97-Z97*15 -> 405
A98: 166504 | B98: 海外气表软件开发部 | C98: 周祝霖 | D98: 嵌软开发工程师 | E98: 2月 | N98: =SUM(G98:M98) -> 0 | S98: 19 | T98: =S98-N98 -> 19 | U98: =AC98*15 -> 285 | V98: =AE98-Z98*15 -> 105 | W98: =U98+V98 -> 390 | X98: 2025 | Y98: HR-001 | AC98: =T98-AA98-AB98 -> 19 | AD98: =VLOOKUP(C98,餐补次数!$R$2:$S$150,2,0) -> 7 | AE98: =AD98*15 -> 105 | AF98: =U98+AE98-Z98*15 -> 390
A99: 166505 | B99: 多元智能产品开发部 | C99: 裴峰 | D99: 嵌入式软件工程师 | E99: 2月 | N99: =SUM(G99:M99) -> 0 | S99: 19 | T99: =S99-N99 -> 19 | U99: =AC99*15 -> 285 | V99: =AE99-Z99*15 -> 75 | W99: =U99+V99 -> 360 | X99: 2025 | Y99: HR-001 | AC99: =T99-AA99-AB99 -> 19 | AD99: =VLOOKUP(C99,餐补次数!$R$2:$S$150,2,0) -> 5 | AE99: =AD99*15 -> 75 | AF99: =U99+AE99-Z99*15 -> 360
A100: 166506 | B100: 机械水表软件开发部 | C100: 刘帅 | D100: 嵌入式软件工程师 | E100: 2月 | N100: =SUM(G100:M100) -> 0 | S100: 19 | T100: =S100-N100 -> 19 | U100: 0 | V100: =AE100 -> 300 | W100: =U100+V100 -> 300 | X100: 2025 | Y100: HR-001 | AA100: =VLOOKUP(C100,餐补次数!$C$2:$D$17,2,0) -> 1 | AB100: =VLOOKUP(C100,餐补次数!$H$2:$I$100,2,0) -> 4 | AC100: =T100-AA100-AB100 -> 14 | AD100: =VLOOKUP(C100,餐补次数!$R$2:$S$150,2,0) -> 6 | AE100: =AD100*15+AC100*15 -> 300 | AF100: 300
...

Sheet 打印版
A1: 2月考勤汇总表（研发中心）
A2: 部门 | B2: 姓名 | C2: 岗位 | D2: 月份 | E2: 事假 | F2: 病假 | G2: 产假 | H2: 婚假 | I2: 丧假 | J2: 护理假 | K2: 其他假 | L2: 请假总天数 | M2: 出差 | N2: 调休/居家 | O2: 应上班 | P2: 实上班 | Q2: 餐补调整数 | R2: 餐补调整
A3: 研发中心 | B3: 李文华 | C3: 副总经理 | D3: 2月 | L3: =出勤汇总!N2 -> 0 | M3: =VLOOKUP(B3,出勤汇总!C:AA,25,0) -> 7 | O3: =VLOOKUP(B3,出勤汇总!C:S,17,0) -> 19 | P3: =O3-L3-M3-N3 -> 12 | Q3: =VLOOKUP(B3,餐补次数!R:S,2,0) -> 5 | R3: =Q3*15 -> 75
A4: 研发中心 | B4: 王兵 | C4: 副总经理 | D4: 2月 | M4: =VLOOKUP(B4,出勤汇总!C:AA,25,0) -> 1 | N4: =VLOOKUP(B4,出勤汇总!C:AB,26,0) -> 1 | O4: =VLOOKUP(B4,出勤汇总!C:S,17,0) -> 19 | P4: =O4-L4-M4-N4 -> 17 | Q4: =VLOOKUP(B4,餐补次数!R:S,2,0) -> 10.5 | R4: =Q4*15 -> 157.5
A5: 研发中心 | B5: 林扬宣 | C5: 副总经理 | D5: 2月 | M5: =VLOOKUP(B5,出勤汇总!C:AA,25,0) -> 3 | O5: =VLOOKUP(B5,出勤汇总!C:S,17,0) -> 19 | P5: =O5-L5-M5-N5 -> 16 | Q5: =VLOOKUP(B5,餐补次数!R:S,2,0) -> 10 | R5: =Q5*15 -> 150
A6: 研发中心 | B6: 李季 | C6: 副总经理 | D6: 2月 | O6: =VLOOKUP(B6,出勤汇总!C:S,17,0) -> 19 | P6: =O6-L6-M6-N6 -> 19 | Q6: =VLOOKUP(B6,餐补次数!R:S,2,0) -> 5 | R6: =Q6*15 -> 75
A7: 研发中心 | B7: 王扩军 | C7: 总经理助理 | D7: 2月 | N7: =VLOOKUP(B7,出勤汇总!C:AB,26,0) -> 0.5 | O7: =VLOOKUP(B7,出勤汇总!C:S,17,0) -> 19 | P7: =O7-L7-M7-N7 -> 18.5 | Q7: =VLOOKUP(B7,餐补次数!R:S,2,0) -> 7.5 | R7: =Q7*15 -> 112.5
A8: 研发中心 | B8: 何威迪 | C8: 副总经理 | D8: 2月 | O8: =VLOOKUP(B8,出勤汇总!C:S,17,0) -> 19 | P8: =O8-L8-M8-N8 -> 19 | Q8: =VLOOKUP(B8,餐补次数!R:S,2,0) -> 8 | R8: =Q8*15 -> 120
A9: 研发中心 | B9: 刘晓峰 | C9: 总经理助理 | D9: 2月 | M9: =VLOOKUP(B9,出勤汇总!C:AA,25,0) -> 5 | O9: =VLOOKUP(B9,出勤汇总!C:S,17,0) -> 19 | P9: =O9-L9-M9-N9 -> 14 | Q9: =VLOOKUP(B9,餐补次数!R:S,2,0) -> 6 | R9: =Q9*15 -> 90
A10: 综合管理部（研发） | B10: 郑佳男 | C10: 主管 | D10: 2月 | O10: =VLOOKUP(B10,出勤汇总!C:S,17,0) -> 19 | P10: =O10-L10-M10-N10 -> 19 | Q10: =VLOOKUP(B10,餐补次数!R:S,2,0) -> 10 | R10: =Q10*15 -> 150
A11: 产品标准化管理部 | B11: 张燕 | C11: 体系工程师(PLM) | D11: 2月 | K11: 1 | L11: =出勤汇总!N10 -> 1 | N11: =VLOOKUP(B11,出勤汇总!C:AB,26,0) -> 2 | O11: =VLOOKUP(B11,出勤汇总!C:S,17,0) -> 19 | P11: =O11-L11-M11-N11 -> 16 | Q11: =VLOOKUP(B11,餐补次数!R:S,2,0) -> 4 | R11: =Q11*15 -> 60
A12: 综合管理部（研发） | B12: 方璐 | C12: 综合事务主管 | D12: 2月 | O12: =VLOOKUP(B12,出勤汇总!C:S,17,0) -> 19 | P12: =O12-L12-M12-N12 -> 19 | Q12: 0 | R12: =Q12*15 -> 0
A13: 产品测试部 | B13: 杨坤 | C13: 主管 | D13: 2月 | N13: =VLOOKUP(B13,出勤汇总!C:AB,26,0) -> 0.5 | O13: =VLOOKUP(B13,出勤汇总!C:S,17,0) -> 19 | P13: =O13-L13-M13-N13 -> 18.5 | Q13: =VLOOKUP(B13,餐补次数!R:S,2,0) -> 9 | R13: =Q13*15 -> 135
A14: 产品测试部 | B14: 陆巧玲 | C14: 部门副经理（主持工作） | D14: 2月 | O14: =VLOOKUP(B14,出勤汇总!C:S,17,0) -> 19 | P14: =O14-L14-M14-N14 -> 19 | Q14: =VLOOKUP(B14,餐补次数!R:S,2,0) -> 7 | R14: =Q14*15 -> 105
A15: 产品测试部 | B15: 张欠欠 | C15: 产品测试工程师 | D15: 2月 | O15: =VLOOKUP(B15,出勤汇总!C:S,17,0) -> 19 | P15: =O15-L15-M15-N15 -> 19 | Q15: =VLOOKUP(B15,餐补次数!R:S,2,0) -> 4 | R15: =Q15*15 -> 60
A16: 产品测试部 | B16: 李芳 | C16: 产品测试工程师 | D16: 2月 | N16: =VLOOKUP(B16,出勤汇总!C:AB,26,0) -> 0.5 | O16: =VLOOKUP(B16,出勤汇总!C:S,17,0) -> 19 | P16: =O16-L16-M16-N16 -> 18.5 | Q16: =VLOOKUP(B16,餐补次数!R:S,2,0) -> 9 | R16: =Q16*15 -> 135
A17: 产品测试部 | B17: 曹超 | C17: 测试工程师 | D17: 2月 | N17: =VLOOKUP(B17,出勤汇总!C:AB,26,0) -> 1 | O17: =VLOOKUP(B17,出勤汇总!C:S,17,0) -> 19 | P17: =O17-L17-M17-N17 -> 18 | Q17: =VLOOKUP(B17,餐补次数!R:S,2,0) -> 8 | R17: =Q17*15 -> 120
A18: 产品测试部 | B18: 黄杨蕊 | C18: 测试工程师 | D18: 2月 | N18: =VLOOKUP(B18,出勤汇总!C:AB,26,0) -> 2 | O18: =VLOOKUP(B18,出勤汇总!C:S,17,0) -> 19 | P18: =O18-L18-M18-N18 -> 17 | Q18: =VLOOKUP(B18,餐补次数!R:S,2,0) -> 6 | R18: =Q18*15 -> 90
A19: 产品测试部 | B19: 杨雨晨 | C19: 测试工程师 | D19: 2月 | N19: =VLOOKUP(B19,出勤汇总!C:AB,26,0) -> 1 | O19: =VLOOKUP(B19,出勤汇总!C:S,17,0) -> 19 | P19: =O19-L19-M19-N19 -> 18 | Q19: =VLOOKUP(B19,餐补次数!R:S,2,0) -> 7 | R19: =Q19*15 -> 105
A20: 产品测试部 | B20: 周逸轩 | C20: 测试工程师 | D20: 2月 | N20: =VLOOKUP(B20,出勤汇总!C:AB,26,0) -> 0.5 | O20: =VLOOKUP(B20,出勤汇总!C:S,17,0) -> 19 | P20: =O20-L20-M20-N20 -> 18.5 | Q20: =VLOOKUP(B20,餐补次数!R:S,2,0) -> 7.5 | R20: =Q20*15 -> 112.5
A21: 产品测试部 | B21: 陈远发 | C21: 测试工程师 | D21: 2月 | O21: =VLOOKUP(B21,出勤汇总!C:S,17,0) -> 19 | P21: =O21-L21-M21-N21 -> 19 | Q21: =VLOOKUP(B21,餐补次数!R:S,2,0) -> 8 | R21: =Q21*15 -> 120
A22: 产品测试部 | B22: 边皖佳 | C22: 测试工程师 | D22: 2月 | O22: =VLOOKUP(B22,出勤汇总!C:S,17,0) -> 19 | P22: =O22-L22-M22-N22 -> 19 | Q22: =VLOOKUP(B22,餐补次数!R:S,2,0) -> 7 | R22: =Q22*15 -> 105
A23: 产品测试部 | B23: 张培强 | C23: 测试工程师 | D23: 2月 | O23: =VLOOKUP(B23,出勤汇总!C:S,17,0) -> 19 | P23: =O23-L23-M23-N23 -> 19 | Q23: =VLOOKUP(B23,餐补次数!R:S,2,0) -> 6 | R23: =Q23*15 -> 90
A24: 产品测试部 | B24: 李旭 | C24: 测试工程师 | D24: 2月 | N24: =VLOOKUP(B24,出勤汇总!C:AB,26,0) -> 1 | O24: =VLOOKUP(B24,出勤汇总!C:S,17,0) -> 19 | P24: =O24-L24-M24-N24 -> 18 | Q24: =VLOOKUP(B24,餐补次数!R:S,2,0) -> 10.5 | R24: =Q24*15 -> 157.5
A25: 产品测试部 | B25: 吴鑫卓 | C25: 测试工程师 | D25: 2月 | N25: =VLOOKUP(B25,出勤汇总!C:AB,26,0) -> 3 | O25: =VLOOKUP(B25,出勤汇总!C:S,17,0) -> 19 | P25: =O25-L25-M25-N25 -> 16 | Q25: =VLOOKUP(B25,餐补次数!R:S,2,0) -> 9 | R25: =Q25*15 -> 135
A26: 产品测试部 | B26: 秦文近 | C26: 测试工程师 | D26: 2月 | N26: =VLOOKUP(B26,出勤汇总!C:AB,26,0) -> 5 | O26: =VLOOKUP(B26,出勤汇总!C:S,17,0) -> 19 | P26: =O26-L26-M26-N26 -> 14 | Q26: =VLOOKUP(B26,餐补次数!R:S,2,0) -> 5.5 | R26: =Q26*15 -> 82.5
A27: 产品测试部 | B27: 王银军 | C27: 测试工程师 | D27: 2月 | O27: =VLOOKUP(B27,出勤汇总!C:S,17,0) -> 19 | P27: =O27-L27-M27-N27 -> 19 | Q27: =VLOOKUP(B27,餐补次数!R:S,2,0) -> 7 | R27: =Q27*15 -> 105
A28: 产品测试部 | B28: 余乐 | C28: 测试工程师 | D28: 2月 | O28: =VLOOKUP(B28,出勤汇总!C:S,17,0) -> 19 | P28: =O28-L28-M28-N28 -> 19 | Q28: =VLOOKUP(B28,餐补次数!R:S,2,0) -> 7 | R28: =Q28*15 -> 105
A29: 产品工程部 | B29: 孙伟 | C29: 部门副经理 | D29: 2月 | N29: =VLOOKUP(B29,出勤汇总!C:AB,26,0) -> 0.5 | O29: =VLOOKUP(B29,出勤汇总!C:S,17,0) -> 19 | P29: =O29-L29-M29-N29 -> 18.5 | Q29: =VLOOKUP(B29,餐补次数!R:S,2,0) -> 7 | R29: =Q29*15 -> 105
A30: 产品工程部 | B30: 翁宋兵 | C30: 运维工程师 | D30: 2月 | N30: =VLOOKUP(B30,出勤汇总!C:AB,26,0) -> 0.5 | O30: =VLOOKUP(B30,出勤汇总!C:S,17,0) -> 19 | P30: =O30-L30-M30-N30 -> 18.5 | Q30: =VLOOKUP(B30,餐补次数!R:S,2,0) -> 3 | R30: =Q30*15 -> 45
A31: 产品管理部 | B31: 楼晓丽 | C31: 产品经理 | D31: 2月 | O31: =VLOOKUP(B31,出勤汇总!C:S,17,0) -> 19 | P31: =O31-L31-M31-N31 -> 19 | Q31: =VLOOKUP(B31,餐补次数!R:S,2,0) -> 2 | R31: =Q31*15 -> 30
A32: 产品管理部 | B32: 戴梦莹 | C32: 主管 | D32: 2月 | M32: =VLOOKUP(B32,出勤汇总!C:AA,25,0) -> 1 | O32: =VLOOKUP(B32,出勤汇总!C:S,17,0) -> 19 | P32: =O32-L32-M32-N32 -> 18 | Q32: =VLOOKUP(B32,餐补次数!R:S,2,0) -> 6 | R32: =Q32*15 -> 90
A33: 产品管理部 | B33: 孙倩 | C33: 产品专员 | D33: 2月 | O33: =VLOOKUP(B33,出勤汇总!C:S,17,0) -> 19 | P33: =O33-L33-M33-N33 -> 19 | Q33: =VLOOKUP(B33,餐补次数!R:S,2,0) -> 7 | R33: =Q33*15 -> 105
A34: 产品管理部 | B34: 张景雲 | C34: 产品专员 | D34: 2月 | N34: =VLOOKUP(B34,出勤汇总!C:AB,26,0) -> 1 | O34: =VLOOKUP(B34,出勤汇总!C:S,17,0) -> 19 | P34: =O34-L34-M34-N34 -> 18 | Q34: =VLOOKUP(B34,餐补次数!R:S,2,0) -> 7 | R34: =Q34*15 -> 105
A35: 项目管理部 | B35: 王鹏飞 | C35: 项目经理 | D35: 2月 | O35: =VLOOKUP(B35,出勤汇总!C:S,17,0) -> 19 | P35: =O35-L35-M35-N35 -> 19 | Q35: =VLOOKUP(B35,餐补次数!R:S,2,0) -> 11 | R35: =Q35*15 -> 165
A36: 项目管理部 | B36: 楚旭 | C36: 体系工程师 | D36: 2月 | O36: =VLOOKUP(B36,出勤汇总!C:S,17,0) -> 19 | P36: =O36-L36-M36-N36 -> 19 | Q36: =VLOOKUP(B36,餐补次数!R:S,2,0) -> 6 | R36: =Q36*15 -> 90
A37: 项目管理部 | B37: 干然草 | C37: 项目经理 | D37: 2月 | N37: =VLOOKUP(B37,出勤汇总!C:AB,26,0) -> 1 | O37: =VLOOKUP(B37,出勤汇总!C:S,17,0) -> 19 | P37: =O37-L37-M37-N37 -> 18 | Q37: =VLOOKUP(B37,餐补次数!R:S,2,0) -> 6 | R37: =Q37*15 -> 90
A38: 项目管理部 | B38: 刘丽 | C38: 项目经理 | D38: 2月 | O38: =VLOOKUP(B38,出勤汇总!C:S,17,0) -> 19 | P38: =O38-L38-M38-N38 -> 19 | Q38: =VLOOKUP(B38,餐补次数!R:S,2,0) -> 8 | R38: =Q38*15 -> 120
A39: 项目管理部 | B39: 李林翰 | C39: 项目助理 | D39: 2月 | N39: =VLOOKUP(B39,出勤汇总!C:AB,26,0) -> 1 | O39: =VLOOKUP(B39,出勤汇总!C:S,17,0) -> 19 | P39: =O39-L39-M39-N39 -> 18 | Q39: =VLOOKUP(B39,餐补次数!R:S,2,0) -> 6 | R39: =Q39*15 -> 90
A40: 水表技术研究部 | B40: 赵继宝 | C40: 嵌入式软件工程师 | D40: 2月 | N40: =VLOOKUP(B40,出勤汇总!C:AB,26,0) -> 1 | O40: =VLOOKUP(B40,出勤汇总!C:S,17,0) -> 19 | P40: =O40-L40-M40-N40 -> 18 | Q40: =VLOOKUP(B40,餐补次数!R:S,2,0) -> 12 | R40: =Q40*15 -> 180
A41: 水表技术研究部 | B41: 崔康 | C41: 结构设计工程师 | D41: 2月 | O41: =VLOOKUP(B41,出勤汇总!C:S,17,0) -> 19 | P41: =O41-L41-M41-N41 -> 19 | Q41: =VLOOKUP(B41,餐补次数!R:S,2,0) -> 8 | R41: =Q41*15 -> 120
A42: 水表技术研究部 | B42: 吴双 | C42: 测试工程师 | D42: 2月 | O42: =VLOOKUP(B42,出勤汇总!C:S,17,0) -> 19 | P42: =O42-L42-M42-N42 -> 19 | Q42: =VLOOKUP(B42,餐补次数!R:S,2,0) -> 8 | R42: =Q42*15 -> 120
A43: 水表技术研究部 | B43: 王威 | C43: 测试工程师 | D43: 2月 | O43: =VLOOKUP(B43,出勤汇总!C:S,17,0) -> 19 | P43: =O43-L43-M43-N43 -> 19 | Q43: =VLOOKUP(B43,餐补次数!R:S,2,0) -> 5 | R43: =Q43*15 -> 75
A44: 水表技术研究部 | B44: 旷世麟 | C44: 硬件工程师 | D44: 2月 | N44: =VLOOKUP(B44,出勤汇总!C:AB,26,0) -> 1 | O44: =VLOOKUP(B44,出勤汇总!C:S,17,0) -> 19 | P44: =O44-L44-M44-N44 -> 18 | Q44: =VLOOKUP(B44,餐补次数!R:S,2,0) -> 7 | R44: =Q44*15 -> 105
A45: 硬件开发部 | B45: 李亚亮 | C45: 硬件开发工程师 | D45: 2月 | O45: =VLOOKUP(B45,出勤汇总!C:S,17,0) -> 19 | P45: =O45-L45-M45-N45 -> 19 | Q45: =VLOOKUP(B45,餐补次数!R:S,2,0) -> 11 | R45: =Q45*15 -> 165
A46: 硬件开发部 | B46: 冯瀚 | C46: 部门副经理（主持工作） | D46: 2月 | M46: =VLOOKUP(B46,出勤汇总!C:AA,25,0) -> 1 | N46: =VLOOKUP(B46,出勤汇总!C:AB,26,0) -> 0.5 | O46: =VLOOKUP(B46,出勤汇总!C:S,17,0) -> 19 | P46: =O46-L46-M46-N46 -> 17.5 | Q46: =VLOOKUP(B46,餐补次数!R:S,2,0) -> 11 | R46: =Q46*15 -> 165
A47: 硬件开发部 | B47: 李男 | C47: 硬件开发工程师 | D47: 2月 | O47: =VLOOKUP(B47,出勤汇总!C:S,17,0) -> 19 | P47: =O47-L47-M47-N47 -> 19 | Q47: =VLOOKUP(B47,餐补次数!R:S,2,0) -> 11 | R47: =Q47*15 -> 165
A48: 硬件开发部 | B48: 金永利 | C48: 硬件开发工程师 | D48: 2月 | M48: =VLOOKUP(B48,出勤汇总!C:AA,25,0) -> 1 | O48: =VLOOKUP(B48,出勤汇总!C:S,17,0) -> 19 | P48: =O48-L48-M48-N48 -> 18 | Q48: =VLOOKUP(B48,餐补次数!R:S,2,0) -> 11 | R48: =Q48*15 -> 165
A49: 硬件开发部 | B49: 祝艳婷 | C49: 硬件开发工程师 | D49: 2月 | O49: =VLOOKUP(B49,出勤汇总!C:S,17,0) -> 19 | P49: =O49-L49-M49-N49 -> 19 | Q49: =VLOOKUP(B49,餐补次数!R:S,2,0) -> 6 | R49: =Q49*15 -> 90
A50: 硬件开发部 | B50: 黄驰洋 | C50: 硬件开发工程师 | D50: 2月 | N50: =VLOOKUP(B50,出勤汇总!C:AB,26,0) -> 2 | O50: =VLOOKUP(B50,出勤汇总!C:S,17,0) -> 19 | P50: =O50-L50-M50-N50 -> 17 | Q50: =VLOOKUP(B50,餐补次数!R:S,2,0) -> 8 | R50: =Q50*15 -> 120
A51: 硬件开发部 | B51: 范鹏翔 | C51: 硬件开发工程师 | D51: 2月 | O51: =VLOOKUP(B51,出勤汇总!C:S,17,0) -> 19 | P51: =O51-L51-M51-N51 -> 19 | Q51: =VLOOKUP(B51,餐补次数!R:S,2,0) -> 14 | R51: =Q51*15 -> 210
A52: 硬件开发部 | B52: 朱亚垒 | C52: 硬件开发工程师 | D52: 2月 | N52: =VLOOKUP(B52,出勤汇总!C:AB,26,0) -> 2 | O52: =VLOOKUP(B52,出勤汇总!C:S,17,0) -> 19 | P52: =O52-L52-M52-N52 -> 17 | Q52: =VLOOKUP(B52,餐补次数!R:S,2,0) -> 9 | R52: =Q52*15 -> 135
A53: 硬件开发部 | B53: 马振斌 | C53: 硬件开发工程师 | D53: 2月 | N53: =VLOOKUP(B53,出勤汇总!C:AB,26,0) -> 1 | O53: =VLOOKUP(B53,出勤汇总!C:S,17,0) -> 19 | P53: =O53-L53-M53-N53 -> 18 | Q53: =VLOOKUP(B53,餐补次数!R:S,2,0) -> 7 | R53: =Q53*15 -> 105
A54: 硬件开发部 | B54: 习津涛 | C54: 硬件开发工程师 | D54: 2月 | N54: =VLOOKUP(B54,出勤汇总!C:AB,26,0) -> 1.5 | O54: =VLOOKUP(B54,出勤汇总!C:S,17,0) -> 19 | P54: =O54-L54-M54-N54 -> 17.5 | Q54: =VLOOKUP(B54,餐补次数!R:S,2,0) -> 8 | R54: =Q54*15 -> 120
A55: 硬件开发部 | B55: 时慧玲 | C55: 硬件开发工程师 | D55: 2月 | N55: =VLOOKUP(B55,出勤汇总!C:AB,26,0) -> 1 | O55: =VLOOKUP(B55,出勤汇总!C:S,17,0) -> 19 | P55: =O55-L55-M55-N55 -> 18 | Q55: =VLOOKUP(B55,餐补次数!R:S,2,0) -> 6.5 | R55: =Q55*15 -> 97.5
A56: 硬件开发部 | B56: 赵磊 | C56: 硬件开发工程师 | D56: 2月 | N56: =VLOOKUP(B56,出勤汇总!C:AB,26,0) -> 4 | O56: =VLOOKUP(B56,出勤汇总!C:S,17,0) -> 19 | P56: =O56-L56-M56-N56 -> 15 | Q56: =VLOOKUP(B56,餐补次数!R:S,2,0) -> 7.5 | R56: =Q56*15 -> 112.5
A57: 结构开发部 | B57: 刘青 | C57: 部门副经理 | D57: 2月 | M57: =VLOOKUP(B57,出勤汇总!C:AA,25,0) -> 1 | O57: =VLOOKUP(B57,出勤汇总!C:S,17,0) -> 19 | P57: =O57-L57-M57-N57 -> 18 | Q57: =VLOOKUP(B57,餐补次数!R:S,2,0) -> 10 | R57: =Q57*15 -> 150
A58: 结构开发部 | B58: 杨瀚 | C58: 主管 | D58: 2月 | O58: =VLOOKUP(B58,出勤汇总!C:S,17,0) -> 19 | P58: =O58-L58-M58-N58 -> 19 | Q58: =VLOOKUP(B58,餐补次数!R:S,2,0) -> 10 | R58: =Q58*15 -> 150
A59: 结构开发部 | B59: 杨善平 | C59: 部门副经理 | D59: 2月 | M59: =VLOOKUP(B59,出勤汇总!C:AA,25,0) -> 2 | N59: =VLOOKUP(B59,出勤汇总!C:AB,26,0) -> 2 | O59: =VLOOKUP(B59,出勤汇总!C:S,17,0) -> 19 | P59: =O59-L59-M59-N59 -> 15 | Q59: =VLOOKUP(B59,餐补次数!R:S,2,0) -> 6 | R59: =Q59*15 -> 90
A60: 结构开发部 | B60: 夏雨捷 | C60: 结构设计工程师 | D60: 2月 | N60: =VLOOKUP(B60,出勤汇总!C:AB,26,0) -> 1 | O60: =VLOOKUP(B60,出勤汇总!C:S,17,0) -> 19 | P60: =O60-L60-M60-N60 -> 18 | Q60: =VLOOKUP(B60,餐补次数!R:S,2,0) -> 5 | R60: =Q60*15+P60*15 -> 345
A61: 结构开发部 | B61: 盛兴飞 | C61: 结构设计工程师 | D61: 2月 | O61: =VLOOKUP(B61,出勤汇总!C:S,17,0) -> 19 | P61: =O61-L61-M61-N61 -> 19 | Q61: =VLOOKUP(B61,餐补次数!R:S,2,0) -> 7 | R61: =Q61*15 -> 105
A62: 结构开发部 | B62: 李清范 | C62: 主管 | D62: 2月 | O62: =VLOOKUP(B62,出勤汇总!C:S,17,0) -> 19 | P62: =O62-L62-M62-N62 -> 19 | Q62: =VLOOKUP(B62,餐补次数!R:S,2,0) -> 8 | R62: =Q62*15 -> 120
A63: 结构开发部 | B63: 陈斌 | C63: 主管 | D63: 2月 | N63: =VLOOKUP(B63,出勤汇总!C:AB,26,0) -> 2 | O63: =VLOOKUP(B63,出勤汇总!C:S,17,0) -> 19 | P63: =O63-L63-M63-N63 -> 17 | Q63: =VLOOKUP(B63,餐补次数!R:S,2,0) -> 6 | R63: =Q63*15 -> 90
A64: 结构开发部 | B64: 张华宝 | C64: 结构设计工程师 | D64: 2月 | O64: =VLOOKUP(B64,出勤汇总!C:S,17,0) -> 19 | P64: =O64-L64-M64-N64 -> 19 | Q64: =VLOOKUP(B64,餐补次数!R:S,2,0) -> 9 | R64: =Q64*15 -> 135
A65: 结构开发部 | B65: 桂志雄 | C65: 结构设计工程师 | D65: 2月 | O65: =VLOOKUP(B65,出勤汇总!C:S,17,0) -> 19 | P65: =O65-L65-M65-N65 -> 19 | Q65: =VLOOKUP(B65,餐补次数!R:S,2,0) -> 7 | R65: =Q65*15 -> 105
A66: 结构开发部 | B66: 陈为泽 | C66: 结构设计工程师 | D66: 2月 | N66: =VLOOKUP(B66,出勤汇总!C:AB,26,0) -> 0.5 | O66: =VLOOKUP(B66,出勤汇总!C:S,17,0) -> 19 | P66: =O66-L66-M66-N66 -> 18.5 | Q66: =VLOOKUP(B66,餐补次数!R:S,2,0) -> 7 | R66: =Q66*15 -> 105
A67: 结构开发部 | B67: 范天星 | C67: 结构设计工程师 | D67: 2月 | O67: =VLOOKUP(B67,出勤汇总!C:S,17,0) -> 19 | P67: =O67-L67-M67-N67 -> 19 | Q67: =VLOOKUP(B67,餐补次数!R:S,2,0) -> 6 | R67: =Q67*15 -> 90
A68: 结构开发部 | B68: 骆剑 | C68: 结构设计工程师 | D68: 2月 | O68: =VLOOKUP(B68,出勤汇总!C:S,17,0) -> 19 | P68: =O68-L68-M68-N68 -> 19 | Q68: =VLOOKUP(B68,餐补次数!R:S,2,0) -> 7 | R68: =Q68*15 -> 105
A69: 平台架构设计部 | B69: 饶宝娃 | C69: 嵌软开发工程师 | D69: 2月 | O69: =VLOOKUP(B69,出勤汇总!C:S,17,0) -> 19 | P69: =O69-L69-M69-N69 -> 19 | Q69: =VLOOKUP(B69,餐补次数!R:S,2,0) -> 7 | R69: =Q69*15 -> 105
A70: 平台架构设计部 | B70: 李明 | C70: 嵌软开发工程师 | D70: 2月 | O70: =VLOOKUP(B70,出勤汇总!C:S,17,0) -> 19 | P70: =O70-L70-M70-N70 -> 19 | Q70: =VLOOKUP(B70,餐补次数!R:S,2,0) -> 7 | R70: =Q70*15 -> 105
A71: 平台架构设计部 | B71: 林杨杨 | C71: 嵌软开发工程师 | D71: 2月 | N71: =VLOOKUP(B71,出勤汇总!C:AB,26,0) -> 1 | O71: =VLOOKUP(B71,出勤汇总!C:S,17,0) -> 19 | P71: =O71-L71-M71-N71 -> 18 | Q71: =VLOOKUP(B71,餐补次数!R:S,2,0) -> 9 | R71: =Q71*15 -> 135
A72: 平台架构设计部 | B72: 张泳 | C72: 主管 | D72: 2月 | O72: =VLOOKUP(B72,出勤汇总!C:S,17,0) -> 19 | P72: =O72-L72-M72-N72 -> 19 | Q72: =VLOOKUP(B72,餐补次数!R:S,2,0) -> 7 | R72: =Q72*15 -> 105
A73: 膜式气表软件开发部 | B73: 潘凌云 | C73: 嵌软开发工程师 | D73: 2月 | N73: =VLOOKUP(B73,出勤汇总!C:AB,26,0) -> 1.5 | O73: =VLOOKUP(B73,出勤汇总!C:S,17,0) -> 19 | P73: =O73-L73-M73-N73 -> 17.5 | Q73: =VLOOKUP(B73,餐补次数!R:S,2,0) -> 6 | R73: =Q73*15 -> 90
A74: 膜式气表软件开发部 | B74: 刘高杰 | C74: 部门副经理（主持工作） | D74: 2月 | N74: =VLOOKUP(B74,出勤汇总!C:AB,26,0) -> 1 | O74: =VLOOKUP(B74,出勤汇总!C:S,17,0) -> 19 | P74: =O74-L74-M74-N74 -> 18 | Q74: =VLOOKUP(B74,餐补次数!R:S,2,0) -> 6 | R74: =Q74*15 -> 90
A75: 膜式气表软件开发部 | B75: 张晟毓 | C75: 嵌软开发工程师 | D75: 2月 | N75: =VLOOKUP(B75,出勤汇总!C:AB,26,0) -> 2 | O75: =VLOOKUP(B75,出勤汇总!C:S,17,0) -> 19 | P75: =O75-L75-M75-N75 -> 17 | Q75: =VLOOKUP(B75,餐补次数!R:S,2,0) -> 6 | R75: =Q75*15 -> 90
A76: 膜式气表软件开发部 | B76: 刘卓飞 | C76: 嵌软开发工程师 | D76: 2月 | O76: =VLOOKUP(B76,出勤汇总!C:S,17,0) -> 19 | P76: =O76-L76-M76-N76 -> 19 | Q76: =VLOOKUP(B76,餐补次数!R:S,2,0) -> 6 | R76: =Q76*15 -> 90
A77: 膜式气表软件开发部 | B77: 王晓雅 | C77: 嵌软开发工程师 | D77: 2月 | N77: =VLOOKUP(B77,出勤汇总!C:AB,26,0) -> 2 | O77: =VLOOKUP(B77,出勤汇总!C:S,17,0) -> 19 | P77: =O77-L77-M77-N77 -> 17 | Q77: =VLOOKUP(B77,餐补次数!R:S,2,0) -> 12 | R77: =Q77*15 -> 180
A78: 膜式气表软件开发部 | B78: 王书浩 | C78: 嵌软开发工程师 | D78: 2月 | O78: =VLOOKUP(B78,出勤汇总!C:S,17,0) -> 19 | P78: =O78-L78-M78-N78 -> 19 | Q78: =VLOOKUP(B78,餐补次数!R:S,2,0) -> 6 | R78: =Q78*15 -> 90
A79: 膜式气表软件开发部 | B79: 徐晋 | C79: 嵌软开发工程师 | D79: 2月 | M79: =VLOOKUP(B79,出勤汇总!C:AA,25,0) -> 4 | O79: =VLOOKUP(B79,出勤汇总!C:S,17,0) -> 19 | P79: =O79-L79-M79-N79 -> 15 | Q79: =VLOOKUP(B79,餐补次数!R:S,2,0) -> 7 | R79: =Q79*15 -> 105
A80: 超声气表软件开发部 | B80: 胡鑫鑫 | C80: 部门经理 | D80: 2月 | O80: =VLOOKUP(B80,出勤汇总!C:S,17,0) -> 19 | P80: =O80-L80-M80-N80 -> 19 | Q80: =VLOOKUP(B80,餐补次数!R:S,2,0) -> 9 | R80: =Q80*15 -> 135
A81: 超声气表软件开发部 | B81: 马力达 | C81: 嵌软组长 | D81: 2月 | O81: =VLOOKUP(B81,出勤汇总!C:S,17,0) -> 19 | P81: =O81-L81-M81-N81 -> 19 | Q81: =VLOOKUP(B81,餐补次数!R:S,2,0) -> 7 | R81: =Q81*15 -> 105
A82: 超声气表软件开发部 | B82: 徐雯 | C82: 主管 | D82: 2月 | N82: =VLOOKUP(B82,出勤汇总!C:AB,26,0) -> 1.5 | O82: =VLOOKUP(B82,出勤汇总!C:S,17,0) -> 19 | P82: =O82-L82-M82-N82 -> 17.5 | Q82: =VLOOKUP(B82,餐补次数!R:S,2,0) -> 2 | R82: =Q82*15 -> 30
A83: 超声气表软件开发部 | B83: 邹立彬 | C83: 嵌软开发工程师 | D83: 2月 | O83: =VLOOKUP(B83,出勤汇总!C:S,17,0) -> 19 | P83: =O83-L83-M83-N83 -> 19 | Q83: =VLOOKUP(B83,餐补次数!R:S,2,0) -> 9 | R83: =Q83*15 -> 135
A84: 超声气表软件开发部 | B84: 吕许 | C84: 嵌软开发工程师 | D84: 2月 | N84: =VLOOKUP(B84,出勤汇总!C:AB,26,0) -> 1 | O84: =VLOOKUP(B84,出勤汇总!C:S,17,0) -> 19 | P84: =O84-L84-M84-N84 -> 18 | Q84: =VLOOKUP(B84,餐补次数!R:S,2,0) -> 6 | R84: =Q84*15 -> 90
A85: 超声气表软件开发部 | B85: 林彬俊 | C85: 嵌软开发工程师 | D85: 2月 | N85: =VLOOKUP(B85,出勤汇总!C:AB,26,0) -> 0.5 | O85: =VLOOKUP(B85,出勤汇总!C:S,17,0) -> 19 | P85: =O85-L85-M85-N85 -> 18.5 | Q85: =VLOOKUP(B85,餐补次数!R:S,2,0) -> 7 | R85: =Q85*15 -> 105
A86: 超声气表软件开发部 | B86: 杨涛 | C86: 主管 | D86: 2月 | O86: =VLOOKUP(B86,出勤汇总!C:S,17,0) -> 19 | P86: =O86-L86-M86-N86 -> 19 | Q86: =VLOOKUP(B86,餐补次数!R:S,2,0) -> 6 | R86: =Q86*15 -> 90
A87: 超声气表软件开发部 | B87: 杨卉卉 | C87: 嵌软开发工程师 | D87: 2月 | M87: =VLOOKUP(B87,出勤汇总!C:AA,25,0) -> 1 | O87: =VLOOKUP(B87,出勤汇总!C:S,17,0) -> 19 | P87: =O87-L87-M87-N87 -> 18 | Q87: =VLOOKUP(B87,餐补次数!R:S,2,0) -> 10 | R87: =Q87*15 -> 150
A88: 超声气表软件开发部 | B88: 赵一龙 | C88: 嵌软开发工程师 | D88: 2月 | O88: =VLOOKUP(B88,出勤汇总!C:S,17,0) -> 19 | P88: =O88-L88-M88-N88 -> 19 | Q88: =VLOOKUP(B88,餐补次数!R:S,2,0) -> 7 | R88: =Q88*15 -> 105
A89: 超声气表软件开发部 | B89: 吕鹏 | C89: 嵌软开发工程师 | D89: 2月 | N89: =VLOOKUP(B89,出勤汇总!C:AB,26,0) -> 3 | O89: =VLOOKUP(B89,出勤汇总!C:S,17,0) -> 19 | P89: =O89-L89-M89-N89 -> 16 | Q89: =VLOOKUP(B89,餐补次数!R:S,2,0) -> 6 | R89: =Q89*15 -> 90
A90: 超声气表软件开发部 | B90: 何政演 | C90: 嵌软开发工程师 | D90: 2月 | O90: =VLOOKUP(B90,出勤汇总!C:S,17,0) -> 19 | P90: =O90-L90-M90-N90 -> 19 | Q90: =VLOOKUP(B90,餐补次数!R:S,2,0) -> 7 | R90: =Q90*15 -> 105
A91: 超声气表软件开发部 | B91: 王文越 | C91: 嵌软开发工程师 | D91: 2月 | O91: =VLOOKUP(B91,出勤汇总!C:S,17,0) -> 19 | P91: =O91-L91-M91-N91 -> 19 | Q91: =VLOOKUP(B91,餐补次数!R:S,2,0) -> 7 | R91: =Q91*15 -> 105
A92: 工业控制器软件开发部 | B92: 金小平 | C92: 部门经理 | D92: 2月 | O92: =VLOOKUP(B92,出勤汇总!C:S,17,0) -> 19 | P92: =O92-L92-M92-N92 -> 19 | Q92: =VLOOKUP(B92,餐补次数!R:S,2,0) -> 10 | R92: =Q92*15 -> 150
A93: 工业控制器软件开发部 | B93: 郑俊龙 | C93: 嵌软开发工程师 | D93: 2月 | O93: =VLOOKUP(B93,出勤汇总!C:S,17,0) -> 19 | P93: =O93-L93-M93-N93 -> 19 | Q93: =VLOOKUP(B93,餐补次数!R:S,2,0) -> 11 | R93: =Q93*15 -> 165
A94: 工业控制器软件开发部 | B94: 李双龙 | C94: 嵌软开发工程师 | D94: 2月 | N94: =VLOOKUP(B94,出勤汇总!C:AB,26,0) -> 1 | O94: =VLOOKUP(B94,出勤汇总!C:S,17,0) -> 19 | P94: =O94-L94-M94-N94 -> 18 | Q94: =VLOOKUP(B94,餐补次数!R:S,2,0) -> 9 | R94: =Q94*15 -> 135
A95: 工业控制器软件开发部 | B95: 张涛 | C95: 主管 | D95: 2月 | O95: =VLOOKUP(B95,出勤汇总!C:S,17,0) -> 19 | P95: =O95-L95-M95-N95 -> 19 | Q95: =VLOOKUP(B95,餐补次数!R:S,2,0) -> 7 | R95: =Q95*15 -> 105
A96: 工业控制器软件开发部 | B96: 周乐扬 | C96: 嵌软开发工程师 | D96: 2月 | O96: =VLOOKUP(B96,出勤汇总!C:S,17,0) -> 19 | P96: =O96-L96-M96-N96 -> 19 | Q96: =VLOOKUP(B96,餐补次数!R:S,2,0) -> 7 | R96: =Q96*15 -> 105
A97: 海外气表软件开发部 | B97: 陈旸 | C97: 嵌软工程师 | D97: 2月 | O97: =VLOOKUP(B97,出勤汇总!C:S,17,0) -> 19 | P97: =O97-L97-M97-N97 -> 19 | Q97: =VLOOKUP(B97,餐补次数!R:S,2,0) -> 8 | R97: =Q97*15 -> 120
A98: 海外气表软件开发部 | B98: 余书昊 | C98: 嵌软开发工程师 | D98: 2月 | O98: =VLOOKUP(B98,出勤汇总!C:S,17,0) -> 19 | P98: =O98-L98-M98-N98 -> 19 | Q98: =VLOOKUP(B98,餐补次数!R:S,2,0) -> 8 | R98: =Q98*15 -> 120
A99: 海外气表软件开发部 | B99: 周祝霖 | C99: 嵌软开发工程师 | D99: 2月 | O99: =VLOOKUP(B99,出勤汇总!C:S,17,0) -> 19 | P99: =O99-L99-M99-N99 -> 19 | Q99: =VLOOKUP(B99,餐补次数!R:S,2,0) -> 7 | R99: =Q99*15 -> 105
A100: 多元智能产品开发部 | B100: 裴峰 | C100: 嵌入式软件工程师 | D100: 2月 | O100: =VLOOKUP(B100,出勤汇总!C:S,17,0) -> 19 | P100: =O100-L100-M100-N100 -> 19 | Q100: =VLOOKUP(B100,餐补次数!R:S,2,0) -> 5 | R100: =Q100*15 -> 75
...
